Lacuna Coil - Within Me.webm,640,480,vp9,13.7
Queens Of The Stone Age - Go With The Flow.webm,1920,1080,vp9,32.36
Living Colour - Cult Of Personality.webm,640,480,vp9,21.96
Arch Enemy - As The Pages Burn (Live).webm,1920,1080,vp9,74.11
My Chemical Romance - Helena.webm,640,480,vp9,16.13
Iron Maiden - Bring Your Daughter To The Slaughter.webm,1280,720,vp9,45.9
Sahara Hotnights - Alright Alright (Here's My Fist Where's The Fight).webm,854,480,vp9,13.94
The Pretty Reckless - Messed Up World (F'd Up World).webm,1920,1080,vp9,78.44
Steel Panther - Death To All But Metal (Explicit).webm,854,480,vp9,20.78
Black Grape - Kelly's Heroes (The Bank Job Version).webm,640,480,vp9,21.2
The Cranberries - Linger.webm,1920,1080,vp9,26.61
Whitesnake - Is This Love.webm,640,480,vp9,12.66
R.E.M. - Everybody Hurts.webm,1920,1080,vp9,94.6
Arch Enemy - In The Eye Of The Storm.webm,3840,1600,vp9,412.44
Rise Against - Ready To Fall.webm,640,480,vp9,16.4
Nickelback - How You Remind Me.webm,1920,1080,vp9,58.44
Michael Jackson - Thriller.webm,2880,2160,vp9,1191.24
The Libertines - Can't Stand Me Now.webm,640,480,vp9,16.36
The White Stripes - Dead Leaves And The Dirty Ground.webm,1920,1080,vp9,39.45
Back to the Future Huey Lewis and the News - The Power of Love.webm,1920,1080,vp9,59.36
Moist - Believe Me.webm,640,480,vp9,17.34
Space - Female Of The Species.webm,640,336,vp9,10.7
Meat Loaf - Bat Out of Hell.webm,640,480,vp9,38.04
The Pretty Reckless - Miss Nothing.webm,1920,1080,vp9,51.2
Linkin Park - Papercut.webm,3840,2160,vp9,408.73
Metallica - The Unforgiven II.webm,640,480,vp9,15.28
Within Temptation - Faster.webm,3840,1632,vp9,376.26
Lady Gaga - Poker Face.webm,1920,1080,vp9,64.63
KISS - I Was Made For Lovin' You.webm,1920,1080,vp9,56.91
Bryan Adams - Summer Of '69.webm,1920,1080,vp9,34.84
Florence + The Machine - Shake It Out.webm,1920,1080,vp9,49.0
Weezer - (If You're Wondering If I Want You To) I Want You To.webm,3840,2160,vp9,427.56
Blur - Stereotypes (Live T.F.I. Friday 1995).webm,854,480,vp9,52.69
Menswear - Stardust.webm,480,360,vp9,8.85
Kula Shaker - Hey Dude.webm,648,480,vp9,22.29
Within Temptation - Memories.webm,3840,2160,vp9,432.69
Primal Scream - Miss Lucifer.webm,854,480,vp9,16.76
Weezer - Feels Like Summer.webm,1920,1080,vp9,63.61
The Hours - Ali In The Jungle Official Video.webm,240,196,vp9,6.69
Pixies - Here Comes Your Man.webm,1920,1080,vp9,47.91
Ash - Girl From Mars.webm,1920,1080,vp9,68.56
Metallica - Now That We're Dead.webm,1920,1080,vp9,35.56
Florence + The Machine - Hunger.webm,1920,1080,vp9,39.69
Rob Zombie - Sick Bubblegum.webm,640,480,vp9,16.54
Within Temptation - Ice Queen.webm,3840,2160,vp9,549.39
Wednesday - Dance Scene.webm,1920,1080,vp9,19.72
Fear Factory - Cars (Remix).webm,640,480,vp9,13.76
Liam Gallagher - Wall Of Glass.webm,1920,1080,vp9,43.58
Everlast - What it's Like.webm,654,480,vp9,18.84
DevilDriver - Another Night In London.webm,1280,720,vp9,31.55
R.E.M. - The Sidewinder Sleeps Tonite.webm,1920,1080,vp9,62.2
Green Day - Minority.webm,640,480,vp9,14.36
R.E.M. - Crush With Eyeliner.webm,640,480,vp9,22.27
Korn - Falling Away from Me.webm,1920,1080,vp9,62.66
A-ha - Take On Me.webm,2880,2160,vp9,378.53
Twisted Sister - We're Not Gonna Take it.webm,640,480,vp9,22.76
Lacuna Coil - Swamped.webm,640,480,vp9,14.31
Eighties Matchbox B-Line Disaster - Celebrate Your Mother.webm,854,474,vp9,16.78
Bowling For Soup - High School Never Ends.webm,640,480,vp9,19.15
The Polyphonic Spree - Soldier Girl.mp4,512,288,h264,12.12
Gomez - Whippin' Piccadilly.webm,640,304,vp9,10.4
Nightwish - Noise.webm,3840,1632,vp9,352.48
Stone Sour - sillyworld.mkv,640,480,h264,18.43
Devildriver - Clouds Over California.webm,640,480,vp9,21.62
Within Temptation - The Fire Within.webm,3840,2160,vp9,434.29
The Coral - Goodbye.webm,854,480,vp9,22.85
2 Unlimited - No Limit (Rap Version).webm,1280,720,vp9,33.41
Arch Enemy - The World Is Yours.webm,1920,1080,vp9,96.95
Megadeth - Chapter IV - Life In Hell.webm,1920,1080,vp9,51.74
Halestorm - Familiar Taste of Poison.webm,1280,720,vp9,15.15
Blondie - Heart Of Glass.webm,1920,1080,vp9,56.98
The Charlatans - One To Another.webm,640,480,vp9,16.92
Britney Spears - ...Baby One More Time.webm,1428,1080,vp9,62.3
Epica - Abyss of Time.webm,3840,2160,vp9,303.2
Stone Sour - 30 30-150.mkv,320,240,vp9,8.98
Lacuna Coil - Swamped XX.mp4,1920,1080,h264,33.72
Iggy Pop - The Passenger.webm,1920,1080,vp9,80.23
Metallica - Enter Sandman.webm,628,480,vp9,19.54
Green Day - Oh Love.webm,1280,720,vp9,51.08
Duran Duran - Ordinary World.webm,1920,1080,vp9,62.08
Pulp - Disco 2000.webm,640,480,vp9,15.7
Arctic Monkeys - I Bet You Look Good On The Dancefloor.webm,1920,1080,vp9,34.54
Rammstein - Sonne.webm,1920,1080,vp9,37.4
Arch Enemy - House Of Mirrors.webm,3840,2160,vp9,426.24
U2 - Sunday Bloody Sunday.webm,854,480,vp9,16.15
I Am Ghost - Our Friend Lazarus Sleeps.webm,320,240,vp9,4.35
Iron Maiden - The Number Of The Beast.webm,1920,1080,vp9,90.01
WWE - Christian Entrance 2.webm,1280,720,vp9,11.7
Blondie - Hanging On The Telephone.webm,1364,1080,vp9,34.84
The Dandy Warhols - Bohemian Like You.webm,488,360,vp9,10.23
Rammstein - Du Hast.webm,1920,1080,vp9,36.53
The Glitterati - Heartbreaker.mp4,480,270,h264,14.72
Manic Street Preachers - Little Baby Nothing.webm,640,480,vp9,18.83
James - Born Of Frustration.webm,640,480,vp9,19.23
Bryan Adams - When You're Gone ft. Melanie C.webm,1920,1080,vp9,40.04
Spice Girls - 2 Become 1.webm,3840,2160,vp9,407.97
Nightwish - Élan.webm,1920,1080,vp9,59.04
Muse - Time Is Running Out.webm,640,480,vp9,15.7
Leaves' Eyes - Across The Sea.webm,1920,1080,vp9,52.56
Metallica - All Nightmare Long.webm,1920,1080,vp9,136.25
Manic Street Preachers - You Stole the Sun from My Heart.webm,640,480,vp9,19.31
Lacuna Coil - I Wont Tell You.webm,1280,720,vp9,26.93
Within Temptation - Angels.webm,3840,2160,vp9,502.35
The Proclaimers - Letter From America.webm,640,480,vp9,12.55
Razorlight - Golden Touch.webm,640,480,vp9,16.61
Twisted Sister - I Wanna Rock.webm,640,480,vp9,18.06
Aqua - Doctor Jones.webm,1920,1080,vp9,61.06
The Darkness - One Way Ticket.webm,1280,720,vp9,34.19
Poison - Talk Dirty To Me.webm,1920,1080,vp9,70.62
Linkin Park - One Step Closer.webm,2880,2160,vp9,280.48
Rag'n'Bone Man - Human.webm,1920,1080,vp9,30.54
Robbie Williams - Angels.webm,3300,2160,vp9,375.38
Green Day - Know Your Enemy.webm,1920,1080,vp9,46.87
Cyndi Lauper - Girls Just Want To Have Fun.webm,1424,1080,vp9,77.77
Dead Or Alive - You Spin Me Round (Like a Record).webm,2840,2160,vp9,288.54
Lacuna Coil - Nothing Stands in Our Way.webm,1920,1080,vp9,81.25
Rogue Traders - Way To Go!.webm,640,480,vp9,15.96
WWE - D-Generation X Entrance.mp4,480,268,h264,10.06
Megadeth - Chapter II Night Stalkers ft. Ice-T.webm,1920,1080,vp9,54.39
Weezer - Buddy Holly.webm,1920,1080,vp9,53.15
Machine Head - Imperium.webm,1280,720,vp9,51.34
Elton John - Step Into Christmas.webm,1920,1080,vp9,54.74
Rammstein - Mein Herz Brennt.webm,1920,1080,vp9,40.83
Yazz - The Only Way Is Up.webm,640,480,vp9,18.65
Supergrass - Sun Hits The Sky.webm,1920,1080,vp9,79.47
Burning Witches - The Circle Of Five.webm,3840,2160,vp9,702.94
The Wildhearts - Geordie In Wonderland.mp4,352,288,h264,12.48
Trivium - Like Light to The Flies.mp4,480,204,h264,10.94
Linkin Park - Crawling.webm,3840,1600,vp9,333.09
Weezer - Mexican Fender.webm,1920,1080,vp9,33.68
Alestorm - Fucked With An Anchor.webm,1920,1080,vp9,62.06
Nirvana - Lithium.webm,1920,1080,vp9,37.63
Hoobastank - Crawling In The Dark.webm,1920,1080,vp9,49.27
Megadeth   Angry Again.webm,1280,720,vp9,25.68
In This Moment - Whore.webm,1920,1080,vp9,79.38
Foo Fighters - I'll Stick Around.webm,1448,1080,vp9,57.92
Supergrass - Moving.webm,1920,1080,vp9,36.62
P!NK - So What.webm,854,480,vp9,22.34
New Model Army - Green and Grey.webm,1440,1080,vp9,9.87
Weezer - Dark Enough to See the Stars.webm,1080,1080,vp9,31.99
Papa Roach - Kick In The Teeth.webm,640,360,vp9,12.04
Frankie Goes To Hollywood - Relax.webm,640,480,vp9,17.28
Weezer - Hash Pipe.webm,1920,1080,vp9,47.16
Depeche Mode - Just Can't Get Enough.webm,640,480,vp9,14.87
Manic Street Preachers - Motorcycle Emptiness.webm,854,480,vp9,25.21
Buckcherry - Lit Up.webm,854,480,vp9,19.7
Nirvana - Sliver.webm,1920,1080,vp9,39.14
Rage Against The Machine - Guerrilla Radio.webm,1440,1080,vp9,61.61
Ramones - Sheena Is A Punk Rocker.webm,648,480,vp9,13.75
Eve 6 - Inside Out.webm,640,480,vp9,17.29
Kiss - Crazy Crazy Nights.webm,640,480,vp9,18.55
Arch Enemy - Stolen Life (Bloodstock 2017).webm,1920,1080,vp9,44.08
Wolfmother - Joker and the Thief.webm,568,360,vp9,14.28
The Music - Take The Long Road And Walk It.webm,640,336,vp9,16.79
Placebo - Every You Every Me.mp4,480,252,h264,12.58
The Pretty Reckless - Make Me Wanna Die (Green).webm,1920,1080,vp9,64.62
Def Leppard - Animal.webm,648,480,vp9,19.45
Arch Enemy - Deceiver Deceiver.webm,1920,1080,vp9,68.65
New Order - World In Motion.webm,1920,1080,vp9,59.21
The Pretty Reckless - You.webm,1920,1080,vp9,21.17
The Offspring - Self Esteem.webm,2618,1944,vp9,324.97
Avril Lavigne - Girlfriend.webm,640,480,vp9,23.17
Alestorm - P.A.R.T.Y.webm,2560,1080,vp9,99.31
Rancid - Salvation.webm,628,480,vp9,14.79
My Chemical Romance - I'm Not Okay (I Promise).webm,640,480,vp9,14.8
Pearl Jam - Alive.webm,640,480,vp9,24.13
Nerina Pallot - Everybody's Gone to War.webm,640,336,vp9,13.37
Sahara Hotnights - On Top Of Your World.webm,854,480,vp9,18.99
Nemhain - Second Skin.webm,854,480,vp9,17.77
Green Day - Last Of The American Girls.webm,640,480,vp9,16.24
New Years Day - Malevolence.webm,1920,1080,vp9,22.75
Metallica - Whiskey in the Jar.webm,640,480,vp9,22.78
AC⧸DC - Shoot To Thrill (Iron Man 2).webm,1920,1200,vp9,207.4
Faith No More - Easy.webm,1280,720,vp9,15.36
Arch Enemy - The Eagle Flies Alone.webm,1920,1080,vp9,93.44
Spin Doctors - Jimmy Olsen's Blues.webm,640,480,vp9,20.85
The Cardigans - Lovefool.webm,1920,1080,vp9,36.93
Foo Fighters - Everlong.webm,1440,1080,vp9,58.73
The Cardigans - My Favourite Game (Stone Version).webm,640,480,vp9,21.07
Green Day - Meet Me On The Roof.webm,1920,1080,vp9,39.08
Trivium - Entrance Of The Conflagration.webm,720,480,vp9,22.92
Carter U.S.M. - Bloodsport For All.webm,1920,1080,vp9,72.96
Megadeth - Sweating Bullets.webm,1920,1080,vp9,37.89
Ed Sheeran - Castle On The Hill.webm,1920,1080,vp9,38.06
Kiss - Domino.webm,1920,1080,vp9,61.99
Terrorvision - Alice What's the Matter.webm,640,480,vp9,12.6
Shed Seven - Disco Down.webm,1920,1080,vp9,64.2
Skindred - Warning ft. Jacoby Shaddix.mp4,640,358,h264,16.72
Kula Shaker - Govinda.webm,640,480,vp9,15.24
Eminem - Mockingbird.webm,1920,1080,vp9,54.71
Halestorm - Apocalyptic.webm,1920,1080,vp9,39.16
Florence + The Machine - Ship To Wreck.webm,1920,1080,vp9,32.12
Ocean Colour Scene - You've Got It Bad.webm,640,480,vp9,19.53
Lacuna Coil - Heaven's A Lie.webm,640,480,vp9,17.19
Nickelback - Burn It to the Ground.webm,720,480,vp9,18.31
Alestorm - Fannybaws.webm,1920,904,vp9,70.36
The Iron Cross - Radar Love.webm,3840,2160,vp9,657.31
Nirvana - Smells Like Teen Spirit.webm,1920,1080,vp9,40.62
Butcher Babies - Monsters Ball.webm,1920,1080,vp9,65.77
Epica - Never Enough.mp4,384,288,h264,10.02
Within Temptation - Frozen.webm,3840,2160,vp9,492.79
Metallica - Turn the Page.webm,632,480,vp9,24.78
The Wannadies - Might Be Stars.webm,854,480,vp9,16.94
Stone Sour - Bother.mkv,640,480,h264,11.6
Metallica - I Disappear.webm,640,480,vp9,20.15
Skid Row - Youth Gone Wild.webm,696,480,vp9,17.55
Van Halen - Jump.webm,654,480,vp9,19.24
WWE - Jeff Hardy Entrance.webm,1920,1080,vp9,82.52
Audioslave - Cochise.webm,640,480,vp9,18.54
Megadeth - Breadline.webm,1920,1080,vp9,56.77
Bon Jovi - Always.webm,1920,1080,vp9,53.35
Arch Enemy - War Eternal.webm,1920,1080,vp9,79.88
Devildriver - Pray For Villains.webm,640,352,vp9,11.84
INXS - Suicide Blonde.webm,1444,1080,vp9,64.33
Kula Shaker - Tattva v2.webm,648,480,vp9,16.76
Halestorm - Love⧸Hate Heartbreak.webm,640,480,vp9,12.13
Marilyn Manson - Sweet Dreams (Are Made Of This) (Alt. Version).webm,640,480,vp9,25.05
Leaves' Eyes - Riders On The Wind.webm,1920,1080,vp9,68.8
Blink-182 - All The Small Things.webm,1920,1080,vp9,46.93
Bullet For My Valentine - All These Things I Hate (Revolve Around Me).webm,1920,1080,vp9,36.37
Children Of Bodom - Are You Dead Yet.mp4,384,288,h264,10.53
Iron Maiden - The Clairvoyant (Donington '88).webm,640,480,vp9,18.78
R.E.M. - Man On The Moon.webm,1920,1080,vp9,82.85
Type O Negative - My Girlfriend's Girlfriend.webm,640,480,vp9,17.93
System Of A Down - Chop Suey!.webm,1436,1080,vp9,63.8
Razorlight - In The Morning.webm,854,480,vp9,17.63
DevilDriver - Trust No One.webm,1920,1080,vp9,97.78
Slipknot - Before I Forget.mp4,1920,864,h264,71.9
Butcher Babies - Dead Man Walking.webm,1920,1080,vp9,86.4
Cradle Of Filth - Nymphetamine Fix.webm,640,336,vp9,15.2
Adam & The Ants - Stand And Deliver.webm,640,480,vp9,13.21
Pearl Jam - Black (Live) - MTV Unplugged.webm,640,360,vp9,18.33
Arch Enemy - My Apocalypse.webm,1280,720,vp9,35.38
Gary Jules - Mad World.webm,320,240,vp9,4.2
The Killers - Mr. Brightside (Alternate Version).webm,640,480,vp9,12.22
The Sisters of Mercy - Lucretia My Reflection.webm,640,360,vp9,30.5
Motörhead – Killed By Death.webm,656,480,vp9,13.67
Beastie Boys - Intergalactic.webm,1920,1080,vp9,85.67
Jon Bon Jovi - Blaze of Glory.webm,1920,1080,vp9,62.92
Aqua - Barbie Girl.webm,1920,1080,vp9,53.92
Ash - Clones.webm,1920,1080,vp9,54.89
Iron Maiden - Fear Of The Dark (Live At Donington Park).webm,640,480,vp9,29.14
Halestorm - Freak Like Me.webm,1920,1080,vp9,66.4
The View - Same Jeans.webm,854,480,vp9,17.16
The White Stripes - Fell In Love With A Girl.webm,1920,1080,vp9,21.91
Poison - Nothing But A Good Time.webm,640,480,vp9,19.39
Grand Theft Audio - Stoopid Ass.mp4,352,262,h264,11.27
Scorpions - Rock You Like A Hurricane.webm,648,480,vp9,18.08
Burning Witches - We Stand As One.webm,1920,1080,vp9,106.72
Noah And The Whale - L.I.F.E.G.O.E.S.O.N..webm,640,360,vp9,8.75
The Distillers - Drain the Blood.webm,1280,720,vp9,35.54
Soundgarden - Outshined.webm,1920,1080,vp9,65.88
Ozzy Osbourne - Let Me Hear You Scream.webm,1920,1080,vp9,65.62
Leaves' Eyes - Chain Of The Golden Horn.webm,3840,2160,vp9,313.43
Bullet For My Valentine - Hearts Burst Into Fire.webm,1920,1080,vp9,71.28
Pearl Jam - Do the Evolution.webm,854,480,vp9,20.22
Halestorm - Mz. Hyde.webm,1280,720,vp9,33.13
Rammstein - Feuer Frei.webm,640,480,vp9,10.04
Sleeper - Sale Of The Century.webm,852,480,vp9,26.14
Airbourne - Blonde Bad And Beautiful.webm,1920,1080,vp9,71.79
Epica - The Phantom Agony.webm,3840,2160,vp9,732.96
Weezer - Beginning Of The End (Wyld Stallyns Edit).webm,1920,1080,vp9,54.03
DevilDriver - I Could Care Less.mp4,480,260,h264,10.2
Ozzy Osbourne - Crazy Train.webm,1920,1080,vp9,67.66
The Cooper Temple Clause - Who Needs Enemies.webm,854,480,vp9,21.75
Sumo Cyco - Bystander.webm,1920,1080,vp9,79.29
Limp Bizkit - Break Stuff.webm,1920,1080,vp9,51.16
Iron Maiden - Man On The Edge.webm,640,480,vp9,17.79
New Order - Blue Monday 88.webm,1280,720,vp9,15.71
Blur - Charmless Man.webm,640,360,vp9,11.7
Garbage - Only Happy When It Rains.webm,640,480,vp9,17.57
Satyricon - The Pentagram Burns.webm,1280,720,vp9,33.71
New Model Army - Wonderful Way To Go.webm,320,240,vp9,10.04
Iron Maiden - Can I Play With Madness.webm,1280,720,vp9,20.99
Madonna - Vogue.webm,640,480,vp9,18.44
Burning Witches - The Witch Of The North.webm,3840,2160,vp9,436.28
RATT - Round and Round.webm,640,480,vp9,16.61
The Cooper Temple Clause - Film Maker.webm,854,480,vp9,12.38
Bonnie Tyler - Total Eclipse of the Heart.webm,2880,2160,vp9,442.51
Slipknot - Duality.mp4,1920,1080,h264,112.71
Garbage - When I Grow Up.webm,480,360,vp9,11.21
Janet Jackson - Rhythm Nation.webm,1920,1080,vp9,71.6
Adam & The Ants - Prince Charming.webm,640,480,vp9,13.35
The Subways - Rock & Roll Queen.webm,1920,1080,vp9,44.38
The Christmas Chronicles - Santa Claus is Back In Town.webm,1920,1080,vp9,40.89
Nena - 99 Red Balloons.webm,1396,1080,vp9,55.64
Meat Loaf - Dead Ringer for Love.webm,640,480,vp9,20.16
Stone Sour - Hesitate.webm,1920,1080,vp9,61.55
Gary Numan - Cars.webm,640,480,vp9,13.76
Megadeth - Reckoning Day.webm,640,480,vp9,20.8
Megadeth - Peace Sells...webm,640,480,vp9,17.62
Steel Panther - Death To All But Metal (Clean).webm,854,480,vp9,20.77
Probot - Shake Your Blood.webm,1280,720,vp9,32.68
Oasis - The Importance Of Being Idle.webm,320,240,vp9,5.93
East 17 - Stay Another Day.webm,1280,720,vp9,30.67
Rancid - Ruby Soho.webm,628,480,vp9,12.1
Ozzy Osbourne - Hellraiser.webm,1920,1080,vp9,84.33
David Bowie – Space Oddity.webm,656,480,vp9,21.33
Bruce Springsteen - Born to Run.webm,640,480,vp9,24.32
Jane's Addiction - Been Caught Stealing.webm,640,480,vp9,16.46
RUN DMC - Walk This Way ft. Aerosmith.webm,1440,1080,vp9,50.18
Guns N' Roses - Paradise City.webm,1920,1080,vp9,126.59
WWE - Triple H Entrance 2.webm,1280,720,vp9,43.83
The Offspring - Hit That.webm,1920,1080,vp9,42.47
The Young Knives - She's Attracted To.mp4,320,180,h264,7.3
R.E.M. - It's The End Of The World As We Know It (And I Feel Fine).webm,1920,1080,vp9,37.6
Nightwish - Shudder Before The Beautiful.webm,1920,1080,vp9,111.2
The Human League - Don't You Want Me.webm,1920,1080,vp9,32.19
No Doubt - It's My Life.webm,1920,1080,vp9,55.32
The Smashing Pumpkins - Tonight Tonight.webm,1920,1080,vp9,62.11
Genesis - Invisible Touch.webm,640,480,vp9,19.03
Joan Jett & the Blackhearts - I Hate Myself for Loving You.webm,640,480,vp9,20.87
Slipknot - Yen.webm,3840,2160,vp9,437.88
Nightwish - The Siren.webm,1920,1080,vp9,61.99
The Coral - Dreaming of You.webm,1920,1080,vp9,37.97
Shania Twain - That Don't Impress Me Much.webm,1920,1080,vp9,70.63
Avenged Sevenfold - Hail To The King.webm,1920,916,vp9,72.45
Crash Test Dummies - Mmm Mmm Mmm Mmm.webm,482,360,vp9,8.76
Linkin Park - Numb.webm,640,304,vp9,9.24
The Clash - I Fought the Law.webm,640,480,vp9,11.54
Arch Enemy - Nemesis.webm,1280,720,vp9,37.01
Divinyls - I Touch Myself.webm,1920,1080,vp9,46.74
Primal Scream - Rocks.webm,630,480,vp9,24.2
Leaves' Eyes - The Waking Eye.webm,1920,1080,vp9,90.74
Papa Roach - I Almost Told You That I Loved You.webm,854,480,vp9,16.8
The Cooper Temple Clause - Promises Promises.webm,640,480,vp9,14.31
Green Day - Boulevard Of Broken Dreams.webm,640,480,vp9,19.57
Bluetones - Slight Returns.webm,1920,1080,vp9,46.0
WWE - Sami Zayn Entrance.webm,1920,1080,vp9,35.06
The Smashing Pumpkins - 1979.webm,1920,1080,vp9,66.85
Megadeth - Chapter V - Killing Time.webm,1920,1080,vp9,42.78
Meat Loaf - Paradise By The Dashboard Light.webm,640,480,vp9,38.59
Nine Inch Nails - Closer (Director's Cut).webm,640,480,vp9,17.84
Kings Of Leon - Use Somebody.webm,854,480,vp9,17.5
WWE - Zack Ryder Entrance.webm,1280,720,vp9,16.58
Faith No More - Ashes to Ashes.webm,1280,720,vp9,15.4
The Bangles - Walk Like an Egyptian.webm,640,480,vp9,16.66
Alestorm - Keelhauled.webm,854,480,vp9,19.96
Graham Coxon - Freakin Out.mp4,566,318,h264,19.44
The Charlatans - The Only One I Know.webm,640,480,vp9,19.44
The Darkness - Christmas Time (Don't Let the Bells End).webm,1920,1080,vp9,57.29
Nirvana - In Bloom.webm,1920,1080,vp9,41.98
P!NK - Trouble.webm,852,480,vp9,21.32
Leaves' Eyes - My Destiny.webm,854,480,vp9,24.12
Rainbow - Since You've Been Gone.webm,640,480,vp9,18.05
WWE - CM Punk Entrance 1.webm,1280,720,vp9,15.93
Manic Street Preachers - If You Tolerate This Your Children Will Be Next.webm,854,480,vp9,17.53
WWE - Becky Lynch Entrance.webm,1920,1080,vp9,28.98
Presidents of the United States of America - Peaches.webm,320,240,vp9,5.6
Ozzy Osbourne - Mama I'm Coming Home.webm,1920,1080,vp9,32.36
Faith No More - Falling to Pieces.webm,1280,720,vp9,32.9
Aerosmith - Love In An Elevator.webm,1920,1080,vp9,70.15
Shakin' Stevens - Merry Christmas Everyone.webm,3058,2160,vp9,350.55
Ash - Goldfinger.webm,1920,1080,vp9,86.27
The Hives - Tick Tick Boom.webm,854,480,vp9,9.11
Warrant - Cherry Pie.webm,640,480,vp9,16.0
Oasis - Champagne Supernova.webm,620,360,vp9,23.49
Lacuna Coil - Layers Of Time.webm,1920,1080,vp9,29.96
The White Stripes - Icky Thump.webm,1920,1080,vp9,65.28
ZZ Top - Sharp Dressed Man.webm,1280,720,vp9,21.56
ABBA - Does Your Mother Know.webm,640,480,vp9,12.16
The Pretty Reckless - My Medicine.webm,1920,1080,vp9,43.73
Stone Sour - Zzyzx Rd.mkv,1920,1080,h264,60.45
The White Stripes - Hotel Yorba.webm,1920,1080,vp9,24.28
The Offspring - Pretty Fly (For A White Guy).webm,1920,1080,vp9,58.06
U2 - I Still Haven't Found What I'm Looking For.webm,1920,1080,vp9,66.69
Butcher Babies - Lilith.webm,1920,1080,vp9,39.99
Garbage - I Think I'm Paranoid.webm,854,480,vp9,16.84
Eminem - Stan (Short Version) ft. Dido.webm,1920,1080,vp9,71.01
The Polyphonic Spree - Reach For The Sun.webm,640,480,vp9,8.7
Theory of a Deadman - Bitch Came Back.webm,1280,720,vp9,30.67
Within Temptation - The Howling.webm,3840,2160,vp9,525.13
Metallica - Fuel.webm,640,480,vp9,19.57
Electric Six - Gay Bar.webm,640,334,vp9,6.75
Marilyn Manson - Arma-goddamn-motherf__kin-geddon.webm,854,480,vp9,14.52
DragonForce - Operation Ground And Pound.webm,640,360,vp9,15.54
Bryan Adams - Run To You.webm,1920,1080,vp9,39.61
Housemartins - Happy Hour.webm,640,480,vp9,6.48
Shania Twain - Man! I Feel Like A Woman.webm,1920,1080,vp9,57.47
Kylie Minogue - Can't Get You Out Of My Head.webm,1920,1080,vp9,65.93
Butcher Babies - Igniter.webm,1920,1080,vp9,55.91
Catatonia - Road Rage.webm,1280,720,vp9,45.23
The Runaways - Cherry Bomb.webm,1920,1080,vp9,35.46
Pantera - Walk.webm,3840,2160,vp9,553.07
Murderdolls - White Wedding.webm,640,360,vp9,12.84
Supergrass - Alright.webm,1920,1080,vp9,62.53
The Offspring - Come Out And Play.webm,640,480,vp9,15.58
Placebo - Nancy Boy.webm,600,480,vp9,11.88
Frankie Goes To Hollywood - The Power Of Love.webm,1920,1080,vp9,24.92
Burning Witches - Flight Of The Valkyries.webm,1920,1080,vp9,96.86
The Coral - Don't Think You're the First.webm,852,480,vp9,27.29
Ugly Kid Joe - Cats In The Cradle.webm,640,480,vp9,9.17
George Ezra - Budapest.webm,1920,1080,vp9,38.4
David Bowie - Ashes To Ashes.webm,640,480,vp9,17.21
Tenacious D - Wonderboy.webm,852,480,vp9,11.97
Halestorm - I Get Off.webm,1920,1080,vp9,50.39
Hole - Violet.webm,1920,1080,vp9,53.64
Placebo - Pure Morning.webm,960,720,vp9,25.45
The Sisters of Mercy - This Corrosion.webm,1280,720,vp9,48.38
Electric Six - Danger! High Voltage.webm,640,480,vp9,14.63
Velvet Revolver - Slither.webm,640,480,vp9,19.03
R.E.M. - What's The Frequency Kenneth.webm,640,480,vp9,17.1
Nirvana - Come As You Are.webm,1920,1080,vp9,29.58
James - Say Something.webm,640,480,vp9,12.89
Guns N' Roses - You Could Be Mine.webm,1920,1080,vp9,96.93
Blur - To The End.webm,640,480,vp9,10.6
U2 - Discothèque.webm,1920,1080,vp9,93.05
Elvis Costello & The Attractions - Pump It Up.webm,1920,1080,vp9,38.08
Radiohead - Just.webm,1920,1080,vp9,47.88
Anthrax - Indians.webm,640,480,vp9,22.31
Gorillaz - Clint Eastwood.webm,1280,720,vp9,24.36
Airbourne - It's All For Rock N' Roll.webm,1920,1080,vp9,66.16
Cher - Just Like Jessie James.webm,1280,720,vp9,19.86
Ocean Colour Scene - The Day We Caught The Train.webm,640,480,vp9,16.57
Manic Street Preachers - Everything Must Go.webm,854,480,vp9,15.27
The Bangles - Manic Monday.webm,640,480,vp9,14.03
The Wildhearts - I Wanna Go Where The People Go.webm,1920,1080,vp9,73.44
Royal Blood - Figure It Out.webm,1920,1080,vp9,32.66
WWE - Triple H Entrance.webm,1280,720,vp9,17.65
The Sisters of Mercy - Dominion Mother Russia.webm,960,720,vp9,28.26
Meat Loaf - Two Out Of Three Ain't Bad.webm,640,480,vp9,16.22
DevilDriver - Not All Who Wander Are Lost.webm,640,480,vp9,15.41
Leaves' Eyes - Hell To The Heavens.webm,1920,1080,vp9,79.94
The Cooper Temple Clause - Let's Kill Music.webm,640,480,vp9,20.24
Echobelly - King Of The Kerb.webm,640,480,vp9,16.38
System Of A Down - Aerials.webm,1920,1080,vp9,46.12
Andrew W.K. - Party Hard.webm,640,480,vp9,16.94
Megadeth - Wake Up Dead.webm,1920,1080,vp9,76.48
Tenacious D - Tribute.webm,640,480,vp9,23.01
Mötley Crüe - Kickstart My Heart.webm,488,360,vp9,13.88
P!NK - Just Like A Pill.webm,640,480,vp9,11.93
Manic Street Preachers - The Everlasting.webm,854,480,vp9,23.75
The Streets - Dry Your Eyes.webm,656,480,vp9,8.74
Chris Cornell- You Know My Name.webm,1440,1080,vp9,29.25
Pantera - Cemetery Gates.webm,640,480,vp9,26.05
The Wonder Stuff - Don't Let Me Down Gently.webm,640,480,vp9,14.62
The Enemy - Away From Here.webm,640,480,vp9,15.94
Trivium - Anthem (We Are The Fire).webm,720,480,vp9,20.66
Killswitch Engage - Holy Diver.webm,640,480,vp9,18.98
Skindred - That's My Jam.webm,1920,1080,vp9,46.58
Paramore - Misery Business.webm,640,336,vp9,12.32
The Hives - Walk Idiot Walk.mp4,416,320,h264,11.14
Lacuna Coil - Trip The Darkness.webm,1920,1080,vp9,36.34
New Years Day - Kill or Be Killed.webm,1920,1080,vp9,31.4
Weezer - The Good Life.webm,854,480,vp9,24.24
Republica - Drop Dead Gorgeous.webm,854,480,vp9,22.16
George Ezra - Paradise.webm,1920,1080,vp9,30.0
Coldplay - Yellow.webm,3840,2160,vp9,170.93
Leaves' Eyes & Liv Kristine - Into Your Light.webm,1200,720,vp9,44.05
Noel Gallagher’s High Flying Birds - Holy Mountain.webm,1920,1080,vp9,52.1
Public Image Limited - Rise.webm,640,480,vp9,17.2
The Clash - Should I Stay or Should I Go.webm,640,480,vp9,15.84
Sum 41 - Pain For Pleasure.webm,1920,1080,vp9,30.46
WWE - Daniel Bryan Entrance.webm,1280,720,vp9,17.98
Leaves' Eyes - War Of Kings.webm,3840,2160,vp9,578.18
Europe - The Final Countdown.webm,1420,1080,vp9,69.8
Mötley Crüe - The Dirt.webm,1920,1080,vp9,63.47
Razorlight - America.webm,854,480,vp9,14.94
White Zombie - More Human Than Human.webm,1920,1080,vp9,73.18
Oasis - Live Forever.webm,1920,1080,vp9,72.32
Silverchair - Freak.webm,640,480,vp9,17.12
Spandau Ballet - Gold.webm,1920,1080,vp9,36.74
Nita Strauss ft. David Draiman - Dead Inside.webm,2560,1288,vp9,191.99
Marilyn Manson - Disposable Teens.webm,640,480,vp9,9.32
The Clash - Rock the Casbah.webm,640,480,vp9,16.79
Michael Jackson - Smooth Criminal.webm,640,480,vp9,39.86
Wham! - Last Christmas.webm,3840,2160,vp9,545.08
Arch Enemy - We Will Rise.webm,640,480,vp9,20.27
The Coral - Skeleton Key.webm,1920,1080,vp9,47.44
The Vines - Ride.webm,640,480,vp9,12.0
Metallica - Until It Sleeps.webm,640,480,av1,16.35
Slipknot - Dead Memories v2.mp4,640,480,h264,22.41
Sumo Cyco - Undefeated.webm,1920,1080,vp9,68.1
Godhead - Eleanor Rigby.webm,720,480,vp9,13.26
Puddle Of Mudd - She Hates Me.webm,640,480,vp9,16.92
Carter U.S.M. - Anytime Anyplace Anywhere.webm,1920,1080,vp9,83.29
Cradle Of Filth - Temptation.webm,480,360,vp9,9.63
Ash - Kung Fu.webm,1920,1080,vp9,39.22
The Bluetones - Slight Return.webm,720,480,vp9,14.97
The Pretty Reckless - Got So High.webm,3840,2160,vp9,167.71
Rammstein - Ich Will.webm,1920,1080,vp9,53.18
Arch Enemy - The Race.webm,1920,1080,vp9,59.82
Arch Enemy - You Will Know My Name.webm,1920,1080,vp9,68.62
The Wildhearts - Stormy In The North.webm,640,360,vp9,9.29
Gary Numan ⧸Tubeway Army - Down In The Park.webm,640,480,vp9,12.46
Eighties Matchbox B-Line Disaster - Mister Mental.webm,854,480,vp9,16.51
Marilyn Manson - Tainted Love.mp4,500,282,h264,11.92
Shed Seven - Going For Gold.webm,1920,1080,vp9,61.02
Iron Maiden - Futureal.webm,600,360,vp9,9.75
Gwen Stefani - Let Me Reintroduce Myself.webm,1920,1080,vp9,61.72
Drowning Pool - Bodies.webm,640,480,vp9,13.42
Foo Fighters - My Hero.webm,1436,1080,vp9,43.08
Slipknot - Psychosocial.mp4,1920,1080,h264,149.97
The Pogues - Fairytale of New York (Top of The Pops Dec 1987).webm,640,480,vp9,13.74
Skindred - Kill The Power.webm,1920,1080,vp9,72.27
Papa Roach - Between Angels And Insects.webm,854,480,vp9,13.59
Survivor - Eye of the Tiger (Rocky III).webm,1920,1080,vp9,49.58
Limp Bizkit - Rollin'.webm,1920,1080,vp9,73.99
Avril Lavigne - I'm With You.webm,1436,1080,vp9,61.14
Blur - Chemical World.webm,640,480,vp9,17.51
Survivor - Eye Of The Tiger.webm,1428,1080,vp9,47.24
Nightwish - Bye Bye Beautiful.webm,1280,720,vp9,36.88
Burning Witches - Dance With The Devil.webm,1920,1080,vp9,92.26
Oasis - Rock N' Roll Star.webm,720,480,vp9,32.54
Jeff Buckley - Grace.webm,640,480,vp9,18.86
Lullacry - Damn You.webm,640,480,vp9,11.14
Madonna - Papa Don't Preach.webm,1920,1080,vp9,57.78
Garbage - Queer.webm,640,480,vp9,22.28
Weezer - Say It Ain't So.webm,1920,1080,vp9,35.82
Nickelback - This Afternoon.webm,640,352,vp9,19.11
Moist - Silver.webm,640,480,vp9,10.92
Megadeth - Chapter I - We’ll Be Back.webm,1920,1080,vp9,63.71
Buckcherry - Crazy Bitch (Uncensored).webm,640,480,vp9,10.55
Iron Maiden - Hallowed Be Thy Name (Live Donington1992).webm,320,240,vp9,14.4
Stiltskin - Inside.webm,1920,1080,vp9,80.91
The La's - There She Goes.webm,640,480,vp9,12.98
Halestorm - Amen.webm,2048,1152,vp9,69.13
Megadeth -  Skin o' My Teeth.webm,1920,1080,vp9,68.52
Mötley Crüe - Wild Side.webm,488,360,vp9,14.59
Cradle of Filth - The Death of Love.webm,640,288,vp9,13.7
Korn - Freak On a Leash.webm,1920,1080,vp9,68.89
WWE - The Miz Entrance 2.webm,1280,720,vp9,18.11
Bryan Adams - (Everything I Do) I Do It For You.webm,1920,1080,vp9,63.55
Arcade Fire - Everything Now.webm,1920,1080,vp9,46.56
Thin Lizzy - The Boys Are Back In Town.webm,1920,1080,vp9,35.24
Phil Collins - In The Air Tonight.webm,1280,720,vp9,10.02
The Distillers - The Hunger.webm,640,480,vp9,17.39
The Pretty Reckless - Going To Hell.webm,1920,1080,vp9,35.67
Papa Roach - Scars.webm,1920,1080,vp9,55.61
Nemhain - Ana.webm,640,356,vp9,10.67
Depeche Mode - Personal Jesus.webm,640,480,vp9,18.15
Queen - Another One Bites the Dust.webm,480,360,vp9,10.8
Wednesday 13 - I Walked With A Zombie.webm,640,480,vp9,17.37
George Ezra - Green Green Grass.webm,3840,1632,vp9,309.5
Skindred - Nobody.mp4,322,240,h264,7.34
Aerosmith - Cryin'.webm,1920,1080,vp9,57.4
Imagine Dragons - Radioactive.webm,1920,1080,vp9,48.03
The Wildhearts - Top Of The World.webm,600,360,vp9,13.22
Jimmy Eat World - The Middle.webm,1920,1080,vp9,47.01
The Wildhearts - Vanilla Radio.webm,640,480,vp9,15.76
Marilyn Manson - mOBSCENE.webm,640,480,vp9,16.21
Epica - Storm The Sorrow.webm,1920,1080,vp9,47.23
Berlin - Take My Breath Away (Top Gun).webm,1920,1080,vp9,44.27
Foo Fighters - Best Of You.webm,1440,1080,vp9,56.22
Nine Inch Nails - March Of The Pigs.webm,640,480,vp9,15.07
Terrorvision - Some People Say.webm,1440,1080,vp9,26.4
Michael Jackson - Beat It.webm,2880,2160,vp9,397.27
Avril Lavigne ft. Yungblud - I'm a Mess.webm,2880,2160,vp9,296.62
Kim Wilde - Kids In America.webm,1436,1080,vp9,48.97
Megadeth - The Right To Go Insane.webm,640,480,vp9,16.06
Roy Orbison - You Got It.webm,640,480,vp9,12.07
Andrew W.K. - We Want Fun.webm,620,360,vp9,14.11
Julian Cope - World Shut Your Mouth.webm,854,380,vp9,14.89
Kiss - I Just Wanna.webm,1920,1080,vp9,71.97
The Streets - Fit But You Know It.webm,656,480,vp9,15.61
Blondie - Denis.webm,1386,1080,vp9,28.55
Supernatural - Gangnam Style.webm,1280,720,vp9,44.14
Megadeth - In My Darkest Hour.webm,1920,1080,vp9,98.33
Arch Enemy -  Stolen Life (Alternative Edition).webm,1920,1080,vp9,58.24
Jeff Buckley - Last Goodbye.webm,640,480,vp9,19.05
The Avalanches - Frontier Psychiatrist.webm,1786,1080,vp9,78.34
The Strokes - Hard To Explain.webm,640,480,vp9,13.78
Elvis Costello & The Attractions - Oliver's Army.webm,1920,1080,vp9,40.12
Arch Enemy - Dead Eyes See No Future.webm,640,480,vp9,20.45
Faith No More - From Out Of Nowhere.webm,1280,720,vp9,27.04
Radiohead - No Surprises.webm,1920,1080,vp9,22.13
Buzzcocks - Ever Fallen In Love (With Someone You Shouldn't've).webm,656,480,vp9,12.13
Iron Maiden - Wasted Years.webm,1280,720,vp9,37.81
The Cranberries - Zombie.webm,3840,2160,vp9,651.32
Bloodhound Gang - The Bad Touch.webm,854,480,vp9,23.82
The Divine Comedy - National Express.webm,1280,720,vp9,30.12
Ash - Orpheus.webm,320,240,vp9,8.6
Megadeth - Holy Wars... The Punishment Due.webm,1920,1080,vp9,105.57
Megadeth - Chapter III - The Sick The Dying… And The Dead!.webm,1920,1080,vp9,45.73
U2 - Sweetest Thing.webm,3840,2160,vp9,293.56
Florence + The Machine - You've Got the Love.webm,854,480,vp9,12.79
Ben Folds Five - Brick.webm,640,480,vp9,16.5
Alestorm - Shipwrecked.webm,1280,720,vp9,38.76
Arch Enemy - Under Black Flags We March.webm,1280,720,vp9,39.22
AFI - Girl's Not Grey.webm,1920,1026,vp9,58.96
Blur - Sunday Sunday.webm,588,360,vp9,8.38
Marilyn Manson - The Fight Song.webm,640,480,vp9,12.7
WWE - Edge Entrance.webm,1280,720,vp9,17.23
Lenny Kravitz - Fly Away.webm,1920,1080,vp9,66.78
Rammstein - Feuer Frei!.webm,1920,1080,vp9,41.49
Crucified Barbara - Rock Me Like The Devil.webm,1920,1080,vp9,59.31
The Datsuns - Harmonic Generator.webm,600,480,vp9,15.69
Soundgarden - Rusty Cage.webm,1920,1080,vp9,67.96
Dodgy - Staying Out For The Summer.webm,480,360,vp9,8.54
Papa Roach - Getting Away With Murder.webm,640,480,vp9,15.7
Duran Duran - Hungry like the Wolf.webm,854,480,vp9,20.97
Duran Duran - The Wild Boys.webm,640,480,vp9,15.91
Kittie - Brackish.webm,1920,1080,vp9,33.8
Guns N' Roses - Welcome To The Jungle.webm,1920,1080,vp9,70.75
Seether - Remedy.webm,1920,1080,vp9,60.42
U2 - Vertigo.webm,1920,1080,vp9,31.68
Type O Negative - Christian Woman.webm,640,480,vp9,13.24
Sum 41 - Fatlip.webm,1920,1080,vp9,62.16
Halestorm - Vicious.webm,3840,1634,vp9,264.17
OMC - How Bizarre.webm,640,480,vp9,18.48
Halestorm - Break In (feat. Amy Lee).webm,1920,1080,vp9,69.12
Alien Ant Farm - Smooth Criminal.webm,1920,1080,vp9,65.89
Steel Panther - If You Really Really Love Me.webm,1920,1080,vp9,53.81
Metallica - Wherever I May Roam.webm,640,480,vp9,26.35
Feeder - Just A Day.webm,640,480,vp9,17.58
Evanescence - Bring Me To Life.webm,1920,1080,vp9,33.61
Nightwish - Amaranth.webm,1280,720,vp9,32.19
Manic Street Preachers - Show Me the Wonder.webm,1920,1080,vp9,51.69
Spin Doctors - Two Princes.webm,640,480,vp9,20.84
Happy Mondays - Kinky Afro.webm,1280,720,vp9,17.67
Sleeper - Inbetweener.webm,852,480,vp9,21.03
Nightwish - Wish I Had An Angel.webm,1280,720,vp9,37.23
Burning Witches - Black Widow.webm,1920,1080,vp9,73.4
The Fratellis - Creepin Up The Backstairs.webm,640,360,vp9,8.02
Linkin Park - Somewhere I Belong.webm,654,480,vp9,16.98
Graham Coxon - Bittersweet Bundle of Misery.mp4,544,240,h264,10.05
Airbourne - Runnin' Wild.webm,1920,1080,vp9,67.14
Marilyn Manson - Get Your Gunn.webm,640,480,vp9,13.29
Nirvana - The Man Who Sold The World (MTV Unplugged).webm,1920,1080,vp9,64.12
Terrorvision - Tequilla.webm,384,240,vp9,8.8
The Coral - Pass It On.webm,640,480,vp9,9.94
The Pretty Reckless - And So It Went.webm,1920,1080,vp9,59.32
Ginger Wildheart & Courtney Love - Honour.webm,1920,1080,vp9,45.74
Lordi - Devil Is A Loser (2003).webm,640,274,vp9,9.88
Weezer - We Are All On Drugs.webm,854,480,vp9,15.49
Lemonheads – It's a Shame About Ray.webm,1600,1216,vp9,49.16
Manic Street Preachers - A Design For Life.webm,640,480,vp9,20.17
George Ezra - Shotgun.webm,1920,1080,vp9,47.07
The Subways - Oh Yeah - Official Video.webm,320,240,vp9,5.42
Megadeth - A Tout Le Monde (Set Me Free).webm,640,480,vp9,14.42
t.A.T.u. - All The Things She Said.webm,1920,1080,vp9,49.43
Duran Duran - Planet Earth.webm,640,480,vp9,18.2
Mötley Crüe - Saints of Los Angeles.webm,1920,1080,vp9,66.97
Halestorm - Here's To Us.webm,1920,1080,vp9,51.7
The Sisters of Mercy - More.webm,1280,720,vp9,42.92
Nirvana - Heart-Shaped Box.webm,1920,1080,vp9,54.05
Motörhead - Hellraiser.webm,640,480,vp9,17.35
Portugal. The Man - Feel It Still.webm,1920,1080,vp9,34.21
P!NK - U + Ur Hand.webm,854,480,vp9,21.43
WWE - Alex Riley Entrance.mp4,628,352,h264,10.5
VAST - Free.webm,470,360,vp9,12.25
Bullet For My Valentine - 4 Words (To Choke Upon).webm,1920,1080,vp9,71.35
Meat Loaf - You Took The Words Right Out Of My Mouth (Hot Summer Night).webm,640,480,vp9,23.68
Led Zeppelin - Immigrant Song.webm,640,480,vp9,19.65
Rob Zombie - Living Dead Girl.webm,1920,1080,vp9,26.6
Butcher Babies - Headspin.webm,1920,1080,vp9,58.06
Britney Spears - Oops!... I Did It Again.webm,1920,1036,vp9,60.42
Stereophonics - Local Boy In The Photograph.webm,640,480,vp9,14.2
WWE - Paige Entrance Video.webm,1280,720,vp9,12.53
Manic Street Preachers - Your Love Alone is Not Enough ft Nina Persson.webm,854,474,vp9,16.67
The Von Bondies - C'mon C'mon.webm,640,480,vp9,10.94
Powerwolf ft. Alissa White-Gluz - Demons Are A Girl's Best Friend.webm,3840,1600,vp9,372.85
Lordi - Hard Rock Hallelujah (Eurovision).webm,1920,1080,vp9,63.11
Black Rebel Motorcycle Club - What Ever Happened To My Rock And Roll (Punk Song).webm,854,480,vp9,22.11
The Pretty Reckless - Take Me Down.webm,1920,1080,vp9,73.51
Shakespears Sister - Stay.webm,1920,1080,vp9,37.02
Green Day - Longview.webm,640,480,vp9,18.25
Theory of a Deadman - Bad Girlfriend.webm,640,480,vp9,14.71
Metallica - Frantic.webm,640,480,vp9,23.63
Rammstein - Mein Land.webm,1920,1080,vp9,76.04
Black Rebel Motorcycle Club - Love Burns.webm,854,480,vp9,17.74
Leaves' Eyes - Elegy.mp4,208,160,h264,8.32
Sleeper Statuesque.webm,640,480,vp9,15.77
Blink-182 - The Rock Show.webm,640,480,vp9,14.94
Bauhaus - Ziggy Stardust.webm,1920,1080,vp9,55.83
Måneskin - Zitti E Buoni.webm,1920,1080,vp9,48.83
Billy Idol ft. Miley Cyrus - Rebel Yell (Live).webm,1920,1080,vp9,103.98
Weezer - Beverly Hills.webm,1920,1080,vp9,71.22
Blur - M.O.R..webm,1920,1080,vp9,69.94
Foo Fighters - Next Year.webm,1464,1080,vp9,47.93
Supergrass - Richard III.webm,1920,1080,vp9,35.29
Florence + The Machine - Dog Days Are Over.webm,640,360,vp9,10.97
Machine Head - Davidian.webm,640,480,vp9,19.39
Epica - Quietus.webm,640,480,vp9,10.39
Marilyn Manson - The Dope Show.webm,640,480,vp9,15.0
R.E.M. - Losing My Religion.webm,648,480,vp9,19.42
Adrenaline Rush - Love Like Poison.webm,1920,1080,vp9,100.92
New Model Army - Here Comes the War.webm,640,480,vp9,23.17
Avenged Sevenfold - Nightmare.webm,640,360,vp9,19.51
The Sisters of Mercy - Temple of Love 1992.webm,1920,1080,vp9,86.02
Squeeze - Cool For Cats.webm,1420,1080,vp9,57.39
Lordi - Hard Rock Hallelujah.webm,1024,576,vp9,12.06
Ash - Oh Yeah.webm,1920,1080,vp9,91.39
Motörhead & Girlschool - Please Don't Touch.mp4,480,350,h264,14.72
Metallica - The Unforgiven.webm,640,480,vp9,15.34
Nine Black Alps - Unsatisfied.webm,640,480,vp9,15.11
Rage Against The Machine - Bombtrack.webm,1408,1080,vp9,59.2
Aerosmith - Crazy.webm,1920,1080,vp9,67.19
Nine Inch Nails - Down In It.webm,640,480,vp9,16.55
Smash Mouth - All Star.webm,1920,1080,vp9,73.28
Megadeth - Die Dead Enough.webm,854,480,vp9,23.51
Ramones - I Wanna Be Sedated.webm,640,480,vp9,11.88
Nightwish - Endless Forms Most Beautiful.webm,1920,1080,vp9,81.28
Eminem - Lose Yourself.webm,1920,1080,vp9,73.51
Sahara Hotnights - With Or Without Control.webm,640,480,vp9,15.19
Leaves' Eyes - Dark Love Empress.webm,3840,1610,vp9,426.27
Stereophonics - Have A Nice Day.webm,640,266,vp9,9.24
Duran Duran - A View To A Kill.webm,640,304,vp9,11.7
WWE - CM Punk Entrance 2.mp4,628,352,h264,4.57
Bowling For Soup - 1985.webm,640,480,vp9,15.82
Manic Street Preachers - Kevin Carter.webm,854,480,vp9,19.25
The Music - Welcome To The North.webm,640,360,vp9,17.64
Slipknot - The Dying Song (Time To Sing).webm,3840,2160,vp9,510.37
Arch Enemy - Sunset Over The Empire.webm,3840,2160,vp9,519.43
Kaiser Chiefs - Everyday I Love You Less and Less.webm,640,346,vp9,12.24
Metallica - Nothing Else Matters.webm,640,480,vp9,27.05
Hey! Hello! - Automatic Love.webm,1920,1080,vp9,72.48
Faith No More - Digging The Grave.webm,640,480,vp9,14.8
Pearl Jam - World Wide Suicide.webm,854,480,vp9,16.33
Silverchair - Anthem for the Year 2000.webm,640,480,vp9,16.85
Måneskin - Beggin'.webm,1280,720,vp9,24.83
Bon Jovi - Wanted Dead Or Alive.webm,1920,1080,vp9,48.11
Dire Straits - Romeo And Juliet.webm,2902,2160,vp9,162.63
The Smashing Pumpkins - Bullet With Butterfly Wings.webm,1920,1080,vp9,60.0
Aerosmith - Dude (Looks Like A Lady).webm,1920,1080,vp9,61.39
The Darkness - I Believe In A Thing Called Love.webm,1280,720,vp9,21.23
The Rolling Stones - You Can’t Always Get What You Want.webm,3840,2160,vp9,563.23
Smash Mouth - I'm A Believer.webm,1920,1080,vp9,48.63
Rogue Traders - Voodoo Child.webm,640,480,vp9,15.68
U2 - With Or Without You.webm,1920,1080,vp9,33.45
The Pretty Reckless - House On A Hill.webm,1920,1080,vp9,70.39
Skindred - Rat Race.webm,640,480,vp9,12.87
Iggy Pop - Lust For Life.webm,640,360,vp9,8.72
Mötley Crüe - Take Me To The Top.webm,1920,1080,vp9,70.35
Alestorm - Tortuga (feat. Captain Yarrface).webm,3840,1634,vp9,326.3
The Music - Getaway.webm,640,360,vp9,15.06
The Vines - Outtathaway.webm,640,480,vp9,15.99
Faith No More - Midlife Crisis.webm,3840,2160,vp9,329.05
Papa Roach - Last Resort.webm,1920,1080,vp9,62.93
WWE - Drew McIntyre Entrance.webm,1280,720,vp9,18.29
Fun Lovin' Criminals - Scooby Snacks.webm,640,480,vp9,10.5
Leaves' Eyes - Sign Of The Dragonhead.webm,1920,1080,vp9,67.12
Blur - The Universal.webm,640,336,vp9,11.25
Lacuna Coil - Tight Rope XX.webm,1920,1080,vp9,28.79
Bowling For Soup - Girl All The Bad Guys Want.webm,640,480,vp9,15.79
Queen - Bohemian Rhapsody.webm,1920,1080,vp9,74.57
Green Day - Good Riddance (Time Of Your Life).webm,640,480,vp9,8.05
HIM - Buried Alive By Love.webm,854,480,vp9,26.11
Green Day - American Idiot.webm,640,480,vp9,13.62
Foreigner - I Want To Know What Love Is.webm,640,480,vp9,17.12
Alice Cooper - Poison.webm,854,480,vp9,26.87
Lordi - Would You Love A Monsterman (2006 Version) (Video).webm,854,480,vp9,13.54
Semisonic - Chemistry.webm,640,480,vp9,17.22
George Ezra - Blame It on Me.webm,1920,1080,vp9,34.92
Arch Enemy - Blood On Your Hands.webm,640,480,vp9,26.94
Unleash The Archers - General Of The Dark Army.webm,2048,1152,vp9,113.04
Steel Panther - Community Property.webm,854,480,vp9,18.77
The Offspring - Original Prankster.webm,1920,1080,vp9,65.33
Leaves' Eyes - Edge of Steel.webm,1920,1080,vp9,106.11
Bon Jovi - Livin' On A Prayer.webm,3840,2160,vp9,401.94
(DE)TOUR - Come Together.webm,1920,1080,vp9,76.07
Lush - Ladykillers.webm,640,480,vp9,13.32
Madonna - Material Girl.webm,1920,1080,vp9,71.76
Terrorvision - Pretend Best Friend.webm,584,480,vp9,16.87
Van Halen - Runnin' With The Devil.webm,1280,720,vp9,34.72
No Doubt - Hey Baby.webm,1920,1080,vp9,62.47
Bon Jovi - I'll Be There For You.webm,1920,1080,vp9,64.59
Tiffany - I Think We're Alone Now.webm,1920,1080,vp9,71.0
P!nk - Get The Party Started.webm,720,540,vp9,17.12
Papa Roach - Lifeline.webm,854,480,vp9,22.38
Arch Enemy - The Watcher.webm,3840,2160,vp9,612.02
The Wildhearts - TV Tan.webm,1920,1080,vp9,75.11
Trivium - Pull Harder On the Strings Of Your Martyr.mp4,480,270,h264,20.38
Dodgy - Good Enough.webm,320,240,vp9,7.69
Nightwish - Nemo.webm,640,272,vp9,10.13
Green Day - When I Come Around.webm,640,480,vp9,11.34
The Hives - Hate to Say I Told You So.mp4,416,320,h264,10.4
Poison - Every Rose Has Its Thorn Poison.webm,640,336,vp9,12.18
The Enemy - Had Enough.webm,640,480,vp9,13.84
Buckcherry - Crazy Bitch.webm,640,480,vp9,15.23
Nickelback - Rockstar.webm,712,480,vp9,20.78
Spice Girls - Say You'll Be There.webm,3840,2160,vp9,428.08
Led Zeppelin - Whole Lotta Love.webm,640,480,vp9,20.54
DevilDriver - Dead To Rights.webm,638,360,vp9,13.28
Arch Enemy - Handshake With Hell.webm,1920,1080,vp9,80.32
Cast - Sandstorm.webm,1920,1080,vp9,45.12
The Hives - Die Alright!.mp4,416,320,h264,7.48
The Pretty Reckless - Make Me Wanna Die.webm,1920,1080,vp9,64.51
Pulp - Mis-Shapes.webm,640,480,vp9,17.03
Shakin' Stevens - Merry Christmas Everyone (Official Video) [Directors Cut] [ZeyHl1tQeaQ].webm,640,480,vp9,14.59
Beastie Boys - (You Gotta) Fight For Your Right (To Party).webm,1920,1080,vp9,68.45
Fear Factory - Linchpin.webm,640,480,vp9,18.41
Kim Wilde - You Keep Me Hangin' On.webm,640,480,vp9,14.15
Rage Against The Machine - Killing In the Name.webm,1440,1080,vp9,77.58
Within Temptation - What Have You Done ft. Keith Caputo.webm,3840,1728,vp9,345.41
Soundgarden - Fell On Black Days.webm,1920,1080,vp9,64.7
New Years Day - Skeletons.webm,1920,1080,vp9,31.35
Halestorm - I Am The Fire.webm,1920,1080,vp9,52.54
Supergrass - Pumping On Your Stereo.webm,1920,1080,vp9,31.5
Marilyn Manson - Personal Jesus.webm,640,480,vp9,13.28
Chumbawamba - Tubthumping.webm,1920,1080,vp9,55.27
Blur - Country House.webm,640,480,vp9,22.43
Alestorm - Wenches & Mead.webm,1280,720,vp9,49.67
Disturbed - Land Of Confusion.webm,640,480,vp9,20.09
Starship - Nothing's Gonna Stop Us Now (Mannequin).webm,1920,1080,vp9,71.07
Fall Out Boy - Sugar We're Goin Down.webm,1920,1080,vp9,47.6
Pantera - Cowboys From Hell.webm,640,480,vp9,19.48
Sixpence None The Richer - Kiss Me.webm,1920,1080,vp9,44.13
Blur - On Your Own.webm,1920,1080,vp9,84.54
Terrorvision - Josephine.webm,640,480,vp9,24.02
Måneskin - Supermodel.webm,1920,1080,vp9,45.52
Slade - Merry Christmas Everybody.webm,480,360,vp9,10.25
The Offspring - Want You Bad.webm,1920,1080,vp9,56.34
Super Furry Animals - God! Show Me Magic.webm,640,480,vp9,10.12
Stone Sour - Gone Sovereign | Absolute Zero.webm,1920,1080,vp9,143.24
Megadeth - Crush 'em.mp4,352,262,h264,9.97
The Smashing Pumpkins - Today.webm,1920,1080,vp9,45.35
Arch Enemy - Bloodstained Cross.webm,1280,720,vp9,54.43
Aerosmith - Livin' On The Edge.webm,1920,1080,vp9,72.09
Everlast - Ends.webm,654,480,vp9,16.36
Kenny Loggins - Danger Zone.webm,640,480,vp9,12.45
Mel & Kim - Rockin' Around The Christmas Tree.webm,640,480,vp9,16.28
Kittie - Charlotte.webm,1920,1080,vp9,34.47
Eminem - The Real Slim Shady.webm,1920,1080,vp9,66.03
KISS - God Gave Rock And Roll To You (Bill & Ted's Bogus Journey).webm,640,480,vp9,25.03
Blur - Popscene.webm,640,480,vp9,13.8
The Killers - Mr. Brightside.webm,1920,1080,vp9,69.49
Pulp - Common People.webm,640,480,vp9,19.49
Queens Of The Stone Age - No One Knows.webm,1920,1080,vp9,74.27
Sumo Cyco - Free Yourself.webm,1920,1080,vp9,82.13
Halestorm - Uncomfortable.webm,1920,1080,vp9,68.27
Skindred - Stand For Something.mkv,320,240,vp9,7.06
Super Furry Animals - If You Don't Want Me To Destroy You.webm,640,480,vp9,15.63
Rage Against The Machine - Sleep Now in the Fire.webm,1440,1080,vp9,69.35
Rob Zombie - Foxy Foxy.webm,640,480,vp9,15.91
Oasis - Wonderwall.webm,640,480,vp9,15.88
Cradle of Filth - Necromantic Fantasies.webm,3840,2160,vp9,429.83
Robbie Williams - Rock DJ.webm,3840,2160,vp9,495.31
Iron Maiden - Run To The Hills.webm,1920,1080,vp9,69.86
ZZ Top - Gimme All Your Lovin'.webm,1280,720,vp9,31.16
Alanis Morissette - You Oughta Know.webm,2880,2160,vp9,395.04
P!NK - Funhouse.webm,854,480,vp9,18.9
Rob Zombie - Superbeast.webm,640,480,vp9,16.62
Genesis - Land Of Confusion.webm,640,480,vp9,23.55
Fear Factory - Replica.webm,640,480,vp9,17.45
Garbage - Stupid Girl.webm,640,480,vp9,20.98
Levellers - Hope Street.webm,1280,720,vp9,45.85
The Wonder Stuff - The Size Of A Cow.webm,640,480,vp9,17.52
Genesis - I Can't Dance.webm,640,480,vp9,16.92
New Years Day - Come For Me.webm,1920,1080,vp9,60.42
The Boomtown Rats - I Don't Like Mondays.webm,640,480,vp9,14.55
Spiller - Groovejet (If This Ain't Love).webm,588,360,vp9,10.54
David Bowie & Mick Jagger - Dancing In The Street.webm,640,480,vp9,11.48
In This Moment - Black Wedding feat. Rob Halford.webm,1920,1080,vp9,35.4
The Datsuns - MF From Hell.webm,600,480,vp9,15.82
Die So Fluid - Existential Baby.webm,1920,1080,vp9,67.93
Blur - Parklife.webm,600,480,vp9,13.86
The Darkness - Get Your Hands Off My Woman.webm,1280,720,vp9,30.85
The Coral - Bill McCai.webm,854,480,vp9,19.54
Kid Rock - All Summer Long.webm,640,480,vp9,18.59
The Killers - Read My Mind.webm,1920,1080,vp9,60.52
Hole - Doll Parts.webm,640,480,vp9,15.78
Ugly Kid Joe - Everything About You.webm,1920,1080,vp9,50.87
Lush - Single Girl.webm,640,480,vp9,14.26
WWE - Sasha Banks Entrance.webm,1920,1080,vp9,19.94
System Of A Down - Toxicity.webm,1920,1080,vp9,68.64
Fozzy - Enemy.webm,644,480,vp9,16.57
The White Stripes - Hardest Button To Button.webm,1920,1080,vp9,49.01
Veruca Salt - Volcano Girls.webm,640,480,vp9,14.66
Todd and the Book of Pure Evil - Horny Like the Devil.webm,854,480,vp9,17.17
Within Temptation - Stand My Ground.webm,3840,2160,vp9,362.48
Kiss - Unholy.webm,1920,1080,vp9,45.47
Arch Enemy - Yesterday Is Dead And Gone.webm,1280,720,vp9,44.72
Tura Satana - Luna.webm,480,480,vp9,10.93
Sershen & Zaritskaya - Mistress for Christmas (AC⧸DC Cover).webm,1920,1080,vp9,64.06
Hey! Hello! - How I Survived The Punk Wars.webm,1280,720,vp9,30.18
Therapy - Trigger Inside.webm,640,480,vp9,16.63
Faith No More - Epic.webm,1280,720,vp9,33.15
Carter U.S.M. - The Only Living Boy In New Cross.webm,1920,1080,vp9,75.28
James - Sit Down.webm,1920,1080,vp9,63.11
Rammstein - Du Riechst So Gut '98.webm,1920,1080,vp9,41.2
Megadeth - Head Crusher.webm,640,480,vp9,17.02
Type O Negative - Black No. 1 (Little Miss Scare -All).webm,640,480,vp9,17.66
Halestorm - The Steeple.webm,1920,1080,vp9,40.44
The Wannadies - You & Me Song.webm,586,360,vp9,9.64
Michael Jackson - Billie Jean.webm,640,480,vp9,18.34
New Model Army - Island.webm,320,240,vp9,10.79
Queen - We Will Rock You.webm,480,360,vp9,6.94
Avril Lavigne - Sk8er Boi.webm,1436,1080,vp9,67.03
Passenger - Let Her Go.webm,1920,1080,vp9,43.41
Carter U.S.M. - Sheriff Fatman.webm,1920,1080,vp9,80.13
Green Day - 21 Guns.webm,1920,1080,vp9,53.92
Marilyn Manson - The Beautiful People.webm,640,480,vp9,14.67
SOiL - Halo.webm,640,480,vp9,11.8
Disturbed - The Sound Of Silence.webm,1920,1080,vp9,25.85
Therapy - Screamager.webm,640,480,vp9,12.36
James - Destiny Calling.webm,640,360,vp9,13.52
Nirvana - You Know You're Right.webm,1920,1080,vp9,48.74
Megadeth - Symphony of Destruction.webm,640,480,vp9,17.69
Megadeth - Go To Hell.webm,640,480,vp9,19.43
Bowling For Soup - Alexa Bliss.mkv,1920,1080,h264,64.35
Cradle Of Filth - The Death of Love.webm,640,288,vp9,13.7
WWE - John Cena Entrance.webm,1280,720,vp9,16.55
Doctor And The Medics - Spirit In The Sky.webm,640,480,vp9,14.87
Stone Sour - Made of Scars.mkv,640,480,h264,23.0
WWE - R-Truth Entrance.webm,1280,720,vp9,17.13
Primal Scream - Loaded.webm,1370,1080,vp9,49.44
Blondie - Atomic.webm,1920,1080,vp9,75.63
Meredith Brooks - Bitch.webm,1920,1080,vp9,66.45
Butcher Babies - They're Coming To Take Me Away Ha-Haaa.webm,1920,816,vp9,37.13
Blur - Coffee And TV.webm,640,272,vp9,13.96
Weezer - Back To The Shack.webm,1920,1080,vp9,68.79
Dio - Holy Diver.webm,1920,1080,vp9,51.39
Madonna - Like A Virgin.webm,640,480,vp9,15.38
Def Leppard - Pour Some Sugar On Me.webm,648,480,vp9,20.37
Chris Rea - The Road To Hell.webm,1920,1080,vp9,130.25
Frankie Goes To Hollywood - Two Tribes.webm,640,480,vp9,16.63
Billy Joel - We Didn't Start the Fire.webm,640,480,vp9,18.3
Wig Wam - Do Ya Wanna Taste It.mp4,640,360,h264,14.58
Leaves' Eyes - Black Butterfly.webm,3840,2160,vp9,564.59
Pearl Jam - Jeremy.webm,2876,2160,vp9,481.28
Halestorm - Love Bites (So Do I).webm,1920,1080,vp9,56.35
Elvis Costello & The Attractions - (I Don't Want To Go To) Chelsea.webm,640,480,vp9,11.02
Bananarama - Venus.webm,1280,720,vp9,23.0
Arch Enemy - I Will Live Again.webm,642,480,vp9,20.23
Wheatus - A Little Respect.webm,634,480,vp9,16.51
Back to the Future - Earth Angel | Johnny B. Goode.webm,1920,1080,vp9,98.15
Nightwish - The Greatest Show on Earth (with Richard Dawkins).webm,1920,1080,vp9,341.13
Rob Zombie - Feel So Numb.webm,854,480,vp9,22.38
Britney Spears - Toxic.webm,1920,1080,vp9,53.05
Outkast - Hey Ya!.webm,1444,1080,vp9,84.72
Hole - Malibu.webm,1920,1080,vp9,58.57
Sex Pistols - God Save The Queen.webm,1456,1080,vp9,62.71
In This Moment - Blood.webm,1280,720,vp9,22.23
Blur - Tender.webm,612,360,vp9,16.84
Sumo Cyco - Move Mountains ft. Benji Webbe.webm,1920,1080,vp9,75.57
Foo Fighters - These Days.webm,1920,1080,vp9,95.94
Green Day - Basket Case.webm,640,480,vp9,17.56
Gwen Stefani - Hollaback Girl.webm,1920,1080,vp9,62.92
The Darkness - Love Is Only A Feeling.webm,1280,720,vp9,27.3
Type O Negative - Love You To Death.webm,640,480,vp9,21.19
Elvis Costello & The Attractions - I Can't Stand Up For Falling Down.webm,640,480,vp9,8.78
Nightwish - Storytime.webm,1920,1080,vp9,63.93
WWE - Christian Entrance.webm,1280,720,vp9,16.98
Sumo Cyco - Vertigo.webm,1920,1080,vp9,71.33
The Offspring - You're Gonna Go Far Kid.webm,1920,1080,vp9,49.03
Arch Enemy - Reason To Believe.webm,1920,1080,vp9,85.33
Moist - Push.webm,640,480,vp9,14.99
Dorothy - Black Sheep.webm,3840,2160,vp9,392.31
Blur - She's So High.webm,640,480,vp9,18.66
Primal Scream - Country Girl.webm,640,480,vp9,21.44
Eagle-Eye Cherry - Save Tonight.webm,640,480,vp9,14.83
The Rasmus - In the Shadows.webm,854,480,vp9,21.65
Billy Joel - Uptown Girl.webm,640,480,vp9,14.19
Temple Of The Dog - Hunger Strike.webm,1920,1080,vp9,41.59
Eminem - Stan (Long Version) ft. Dido.webm,1920,1080,vp9,93.74
Unleash the Archers - Tonight We Ride.webm,1920,1080,vp9,74.81
Blur - For Tomorrow.webm,576,360,vp9,12.42
Joan Jett - I Love Rock 'N Roll.webm,632,480,vp9,16.41
Weezer - Undone - The Sweater Song.webm,1920,1080,vp9,69.38
Motörhead – Overkill.webm,640,480,vp9,20.3
Dire Straits - Money For Nothing.webm,1920,1080,vp9,47.77
Kiss - Turn On The Night.webm,1920,1080,vp9,54.14
Hole - Celebrity Skin.webm,1920,1080,vp9,50.76
Lacuna Coil - Enjoy the Silence.webm,1920,1080,vp9,65.58
U2 - Beautiful Day.webm,1920,1080,vp9,58.68
Thunder – Love Walked In.webm,1280,720,vp9,37.64
The Wildhearts - Nothing Ever Changes But The Shoes.webm,1920,1080,vp9,64.36
Jake Bugg - Lightning Bolt.webm,1920,1080,vp9,47.59
Judas Priest - You've Got Another Thing Comin'.webm,1392,1080,vp9,41.63
Kaiser Chiefs - I Predict A Riot.webm,854,480,vp9,22.3
Nine Black Alps - Shot Down.webm,1280,720,vp9,25.54
My Chemical Romance - Teenagers.webm,3840,1696,vp9,259.55
P!NK - Beautiful Trauma.webm,1920,1080,vp9,75.33
Ozzy Osbourne - Road to Nowhere.webm,1920,1080,vp9,81.87
Black Sabbath - Neon Knights.webm,640,480,vp9,15.27
P!NK - Raise Your Glass.webm,1920,1080,vp9,33.41
WWE - Seth Rollins Entrance.webm,1920,1080,vp9,16.5
Catatonia - Mulder And Scully.webm,1280,720,vp9,49.78
Metallica - Mama Said.webm,638,480,vp9,18.94
Sex Pistols - Anarchy In The UK.webm,1420,1080,vp9,58.95
The Fratellis - Chelsea Dagger.webm,640,360,vp9,12.73
Hot Hot Heat - Bandages.webm,1920,1080,vp9,52.41
Arch Enemy - Dead Eyes See No Future (Live).webm,640,360,vp9,17.08
Stone Sour - Song #3.webm,2048,858,vp9,96.75
The Strokes - Someday.webm,1440,1080,vp9,34.15
Metallica - One.webm,640,480,vp9,25.03
The Pretty Reckless - 25.webm,1920,1080,vp9,44.15
The Soup Dragons - I'm Free.webm,640,480,vp9,19.34
Disturbed - Down With The Sickness.webm,640,480,vp9,16.59
Alice Cooper - No More Mr. Nice Guy.webm,640,480,vp9,13.19
2 Unlimited - No Limit (No Rap Version).webm,656,480,vp9,16.23
Faith No More - Ricochet.webm,1280,720,vp9,30.39
Terrorvision - Our Christmas Song.webm,3840,2160,vp9,473.16
Epica - The Skeleton Key.webm,3840,2160,vp9,496.74
No Doubt - Don't Speak.webm,3840,2160,vp9,521.61
Led Zeppelin - Kashmir.webm,640,480,vp9,41.83
Within Temptation - Mother Earth.webm,3840,2160,vp9,506.49
Arch Enemy - Stolen Life.webm,1920,1080,vp9,36.95
New Model Army - Wired.webm,320,240,vp9,5.92
Michael Jackson - Earth Song.webm,640,480,vp9,26.89
Simple Minds - Don't You (Forget About Me) (Breakfast Club).webm,1920,1080,vp9,44.83
EMF - Unbelievable.webm,960,720,vp9,20.8
Cher - If I Could Turn Back Time.webm,1920,1080,vp9,70.06
WWE - Sheamus Entrance 2.webm,1920,1080,vp9,38.94
Wheatus - Teenage Dirtbag.webm,852,480,vp9,25.12
Sum 41 - Motivation.webm,1920,1080,vp9,50.0
L7 - Pretend We're Dead.webm,320,218,vp9,7.35
Fun - We Are Young.webm,1920,1080,vp9,50.56
Ramones - Blitzkrieg Bop.webm,640,480,vp9,8.55
Wolfmother - Woman.webm,640,480,vp9,14.1
Jake Bugg - Two Fingers.webm,1920,1080,vp9,41.61
Smash Mouth - Walkin' On The Sun.webm,1920,1080,vp9,59.5
Nine Black Alps - Not Everyone.webm,640,480,vp9,16.67
Leaves' Eyes - Blazing Waters.webm,1920,1080,vp9,128.7
Beastie Boys - Sabotage.webm,1920,1080,vp9,42.93
Lita Ford - Kiss Me Deadly.webm,640,480,vp9,15.26
The Wildhearts - Urge.webm,1920,1080,vp9,71.88
System Of A Down - Sugar.webm,1412,1080,vp9,53.15
Manic Street Preachers - Stay Beautiful.webm,640,480,vp9,14.8
Foo Fighters - All My Life.webm,1420,1080,vp9,75.6
The Libertines - Up The Bracket.webm,640,480,vp9,13.4
The Pretty Reckless - Only Love Can Save Me Now.webm,1920,1080,vp9,89.85
Marilyn Manson - Tourniquet.webm,640,480,vp9,17.86
The Pretty Reckless - Just Tonight.webm,1920,1080,vp9,32.94
Meat Loaf - I'd Do Anything For Love (But I Won't Do That).webm,1920,1080,vp9,83.69
WWE - Ultimate Warrior Entrance.webm,1280,720,vp9,21.28
Monster Magnet - Powertrip.webm,640,480,vp9,18.89
Bonnie Tyler - Holding Out For A Hero.webm,1392,1080,vp9,44.67
Foo Fighters - Big Me.webm,1432,1080,vp9,20.27
Gorillaz - 19-2000.webm,1280,720,vp9,35.67
Nick Cave & The Bad Seeds - Red Right Hand.webm,640,480,vp9,15.36
The Strokes - Last Nite.webm,1424,1080,vp9,55.75
Burning Witches - Hexenhammer.webm,1920,1080,vp9,97.15
Radiohead - Creep.webm,1920,1080,vp9,65.99
Hey! Hello! - Swimwear.webm,1920,1080,vp9,42.93
Whitesnake - Here I Go Again '87.webm,640,480,vp9,16.28
Therapy - Nowhere.webm,640,480,vp9,11.08
Robert Palmer - Addicted To Love.webm,1920,1080,vp9,49.35
Foo Fighters - Breakout.webm,1428,1080,vp9,55.88
Fall Out Boy - This Ain't A Scene It's An Arms Race.webm,1920,1080,vp9,59.77
The Darkness - Growing on Me.mp4,384,288,h264,12.63
Johnny Cash - Hurt.webm,3840,2160,vp9,331.36
Sex Pistols - Pretty Vacant.webm,1400,1080,vp9,49.3
Nightwish - The Islander.webm,1280,720,vp9,32.96
Fozzy - Judas.webm,3840,2026,vp9,495.29
Razorlight - Somewhere Else.webm,854,480,vp9,16.93
Marmozets - Play.webm,1920,1080,vp9,32.01
Oasis - Don’t Look Back In Anger.webm,640,480,vp9,19.96
The Cooper Temple Clause - Been Training Dogs.webm,854,480,vp9,18.41
Billy Idol - White Wedding Pt 1.webm,1920,1080,vp9,48.64
Inspiral Carpets - Saturn 5.webm,622,480,vp9,17.0
Mötley Crüe - Dr. Feelgood.webm,1920,1080,vp9,63.78
Saliva - Click Click Boom.webm,1920,1080,vp9,72.23
The Zutons - Valerie.webm,854,480,vp9,17.0
Dirty Pretty Things - Bang Bang You're Dead.webm,854,480,vp9,20.16
Stone Sour - Digital (Did You Tell).mp4,626,360,av1,25.11
Annihilator - Alison Hell.webm,640,480,vp9,19.57
WWE - Chris Jericho Entrance.webm,1280,720,vp9,13.83
Gwen Stefani - What You Waiting For.webm,1920,1080,vp9,71.48
Ozzy Osbourne - Shot In The Dark.webm,1908,1080,vp9,81.48
Presidents of the United States of America - Lump.webm,320,240,vp9,4.84
Cher - Walking In Memphis.webm,960,720,vp9,26.32
Bryan Adams - 18 Till I Die.mp4,444,334,h264,13.11
My Chemical Romance - Welcome To The Black Parade.webm,1440,1080,vp9,79.6
Rammstein - Amerika.webm,1920,1080,vp9,77.6
System Of A Down - B.Y.O.B..webm,1920,956,vp9,74.91
Carter U.S.M. - The Young Offender's Mum.webm,1920,1080,vp9,68.52
Vic Reeves and The Wonder Stuff - Dizzy.webm,640,480,vp9,14.35
Linkin Park - In The End.webm,1920,1068,vp9,69.45
Cast - Alright.webm,1920,1080,vp9,63.33
James - Laid.webm,640,480,vp9,9.74
Boston - More Than a Feeling.webm,640,480,vp9,13.36
Queen - Under Pressure.webm,480,360,vp9,11.54
Guns N' Roses - Sweet Child O' Mine.webm,1920,1080,vp9,90.54
Skindred - Pressure.mp4,320,240,av1,8.04
Machine Head - From This Day.webm,640,480,vp9,16.91
Pearl Jam - I Am Mine.webm,1920,1080,vp9,54.24
Cast - Walkaway.webm,1920,1080,vp9,54.63
The Hives - Two-Timing Touch and Broken Bones.mp4,416,320,h264,9.71
Bullet For My Valentine - Scream Aim Fire.webm,1728,1080,vp9,85.23
Alestorm - Shit Boat (No Fans).webm,1920,1080,vp9,25.77
The Zutons - Pressure Point.webm,640,480,vp9,12.94
The Verve - The Drugs Don't Work.webm,640,480,vp9,16.99
Liam Lynch - United States Of Whatever.mp4,400,300,h264,4.47
Black Stone Cherry - White Trash Millionaire.webm,1920,1080,vp9,62.05
Bloodhound Gang - The Ballad Of Chasey Lain.webm,640,480,vp9,13.87
Happy Mondays - Step On.webm,1280,720,vp9,14.77
Måneskin - The Loneliest.webm,2560,1440,vp9,161.35
David Bowie – Life On Mars.webm,656,480,vp9,11.64
Marilyn Manson - This Is The New Shit.webm,640,480,vp9,19.03
Cornershop - Brimful Of Asha.webm,480,360,vp9,11.2
AC⧸DC - Back In Black.webm,2960,2160,vp9,415.64
Duran Duran - Girls On Film.webm,640,480,vp9,10.65
Foo Fighters - Monkey Wrench.webm,1440,1080,vp9,75.53
Terrorvision - Easy.webm,640,480,vp9,12.23
Papa Roach - Burn.webm,1280,720,vp9,35.42
Metallica - St. Anger.webm,640,480,vp9,25.44
Blur - Stereotypes.webm,554,360,vp9,9.41
Judas Priest - Living After Midnight.webm,1440,1080,vp9,44.51
Madonna - Into The Groove.webm,640,480,vp9,14.98
Blondie - Call me.webm,640,480,vp9,10.29
Butcher Babies - Yorktown.webm,2048,858,vp9,117.69
Kaiser Chiefs - Oh My God.webm,640,480,vp9,15.72
The Killers - Smile Like You Mean It.webm,1920,1080,vp9,45.3
Alien Ant Farm - Movies.webm,640,480,vp9,20.34
Asia - Heat Of The Moment.mkv,1280,720,h264,30.72
Red Hot Chili Peppers - Under The Bridge.webm,640,480,vp9,19.31
WWE - Stone Cold Steve Austin Entrance.webm,1280,720,vp9,15.66
Anthrax - Madhouse.webm,640,480,vp9,17.23
Eminem - Mosh.webm,640,480,vp9,18.08
Cyndi Lauper - Time After Time.webm,1404,1080,vp9,82.66
Rancid - Roots Radical.webm,628,480,vp9,12.65
Supernatural - Dead or Alive.webm,720,480,vp9,4.11
Soundgarden - Black Hole Sun.webm,1920,1080,vp9,86.25
Papa Roach - To Be Loved.webm,1280,720,vp9,69.35
Bruce Springsteen - Dancing In the Dark.webm,640,480,vp9,17.4
INXS - Need You Tonight.webm,1920,1080,vp9,57.51
Madonna - Like A Prayer.webm,640,480,vp9,21.33
Sophie Lloyd - Do Or Die (feat. Nathan James).webm,3840,2026,vp9,298.93
Turisas - Rasputin.webm,370,208,vp9,7.9
Bon Jovi - Runaway.webm,1920,1080,vp9,31.45
Rancid - Fall Back Down.webm,600,360,vp9,13.09
Foo Fighters - Rope.webm,1440,1080,vp9,65.07
Slipknot - Wait And Bleed.mp4,1920,1080,h264,89.51
Five Finger Death Punch - Under And Over It.webm,1920,1080,vp9,69.25
Bauhaus - Bela Lugosi's Dead.mp4,352,262,h264,8.05
Space - Ballad Of Tom Jones.webm,640,352,vp9,13.79
DragonForce - Through the Fire and Flames.webm,600,480,vp9,23.31
Foo Fighters - Times Like These.webm,1432,1080,vp9,67.39
Pearl Jam - Even Flow.webm,2864,2160,vp9,518.22
Alestorm - Treasure Chest Party Quest.webm,1920,860,vp9,68.13
Soundgarden - Spoonman.webm,1920,1080,vp9,44.93
Battle Beast - Bringer Of Pain.webm,1920,1080,vp9,51.71
The Killers - Somebody Told Me.webm,1920,1080,vp9,50.07
Mötley Crüe - Live Wire.webm,1920,1080,vp9,51.34
No Doubt - Just A Girl.webm,1920,1080,vp9,40.98
Weezer - Take On Me.webm,1920,1080,vp9,83.82
Blur - Beetlebum.webm,3840,2160,vp9,618.14
Papa Roach - No Matter What.webm,1280,720,vp9,34.84
Billy Idol - Dancing With Myself.webm,1920,1080,vp9,34.19
WWE - Randy Orton Entrance.webm,1280,720,vp9,14.0
Bullet For My Valentine - Waking The Demon.webm,1920,1080,vp9,71.17
Iron Maiden - Virus.webm,640,480,vp9,23.17
Guns N' Roses - Patience.webm,1920,1080,vp9,50.55
Megadeth - Trust.webm,960,720,vp9,24.29
Sumo Cyco - Sleep Tight.webm,1920,1080,vp9,80.69
Shakira - Whenever Wherever.webm,1420,1080,vp9,47.76
Jet - Are You Gonna Be My Girl.webm,640,480,vp9,16.12
The Stone Roses - I Wanna Be Adored.webm,640,480,vp9,17.61
Duran Duran - Rio.webm,854,480,vp9,27.4
VAST - Pretty When You Cry Music Video.mp4,252,166,h264,9.11
Bullet For My Valentine - Your Betrayal.webm,1920,1080,vp9,87.55
Good Charlotte - Lifestyles of the Rich & Famous.webm,640,480,vp9,15.82
Alanis Morissette - Ironic.webm,3840,2160,vp9,520.56
The Verve - Sonnet.webm,640,304,vp9,7.73
Iron Maiden - Be Quick Or Be Dead.webm,1280,720,vp9,37.91
Blur - There's No Other Way.webm,640,480,vp9,15.39
Space - Neighbourhood.webm,1920,1080,vp9,59.41
Gun - Word Up.webm,640,480,vp9,18.21
Steel Panther - 1987.webm,3840,1920,vp9,302.24
Evil Scarecrow - Crabulon.webm,1920,1080,vp9,103.95
Judas Priest - Painkiller.webm,1440,1080,vp9,112.02
Iron Maiden - Aces High.webm,1280,720,vp9,51.77
Supernatural - Eye Of The Tiger.mp4,624,352,h264,5.25
The Wonder Stuff - Welcome To The Cheap Seats.webm,640,480,vp9,13.18
Weezer - California Kids.webm,1920,1080,vp9,60.08
Within Temptation - Paradise (What About Us) ft. Tarja.webm,1920,1080,vp9,68.2
WWE - Dolph Ziggler Entrance.webm,1280,720,vp9,17.94
Rob Zombie - Spookshow Baby.webm,640,480,vp9,16.34
Battle Beast - Familiar Hell.webm,1920,1080,vp9,59.56
Marilyn Manson - Lunchbox.webm,640,480,vp9,21.0
Green Day - Wake Me Up When September Ends.webm,640,480,vp9,25.08
Puddle Of Mudd - Blurry.webm,1920,1080,vp9,63.1
David Bowie - As The World Falls Down.webm,528,360,vp9,8.53
Pantera - This Love.webm,3840,2160,vp9,349.67
Sandi Thom - I Wish I Was A Punk Rocker.webm,640,360,vp9,9.69
The Distillers - City of Angels.webm,320,240,vp9,7.17
Shed Seven - Chasing Rainbows.webm,1920,1080,vp9,86.92
Green Day - Revolution Radio.webm,1920,1080,vp9,55.22
Murderdolls - Dead In Hollywood.webm,640,480,vp9,12.63
The Charlatans - Just When You're Thinkin' Things Over.webm,640,480,vp9,23.65
Bullet For My Valentine - Tears Don't Fall.webm,1920,1028,vp9,80.55
Airbourne - No Way But The Hard Way.webm,1920,1080,vp9,33.24
Jake Bugg - Seen It All.webm,1920,1080,vp9,30.92
Billy Talent - Rusted From The Rain.webm,1920,1080,vp9,75.71
The Pretty Reckless - Oh My God.webm,1920,1080,vp9,28.33
New Model Army - Never Arriving.webm,1920,1080,vp9,62.72
Bon Jovi - It's My Life.webm,1920,1080,vp9,72.57
Nightwish - Sleeping Sun.webm,1280,720,vp9,17.05
The Primitives - Crash.webm,626,480,vp9,12.18
Blur - Girls And Boys.webm,640,480,vp9,19.69
Crucified Barbara - Losing The Game.webm,320,240,vp9,6.25
Ash - A Life Less Ordinary.webm,1920,1080,vp9,68.72
Oasis - Little By Little.webm,854,480,vp9,21.76
WWE - Daniel Bryan - Monster.webm,1280,720,vp9,45.61
Mötley Crüe - Looks That Kill.webm,1920,1080,vp9,63.97
Alice Cooper - Hey Stoopid.webm,640,480,vp9,20.92
Stone Sour - Through Glass.mkv,320,240,vp9,8.77
Trivium - Dying in Your Arms.mp4,448,336,h264,10.7
The Charlatans - How High.webm,640,480,vp9,16.0
Korn - Y'all Want a Single.webm,640,480,vp9,14.69
Halestorm - Mayhem.webm,1920,1080,vp9,61.34
Epica - Unleashed.webm,640,356,vp9,18.64
Robbie Williams - Let Me Entertain You.webm,1440,1080,vp9,59.96
WWE - The Rock Entrance.webm,1280,720,vp9,26.41
Slipknot - Unsainted.webm,1920,1080,vp9,63.31
Sheryl Crow - All I Wanna Do.webm,1920,1080,vp9,39.12
Motörhead – Ace Of Spades.webm,1920,1080,vp9,32.79
Live - I Alone.webm,1920,1080,vp9,53.87
The Lumineers - Ho Hey.webm,1280,720,vp9,12.07
Billy Idol - Rebel Yell.webm,1920,1080,vp9,71.92
Ghost - Mary On A Cross (Live).webm,3840,2160,vp9,406.61
Oasis - Stand By Me.webm,854,480,vp9,30.88
Alice Cooper - Lost In America.webm,640,480,vp9,17.82
Cake - The Distance.webm,1440,1080,vp9,69.53
Edwyn Collins - A Girl Like You.webm,984,720,vp9,16.63
Nightwish - Sleeping Sun (2005 Version).webm,1920,936,vp9,53.16
Weezer - Troublemaker.webm,854,480,vp9,19.66
Metallica - Hero of the Day.webm,640,480,vp9,18.79
Weezer - Pork And Beans.webm,1920,1080,vp9,41.88
Roy Orbison - I Drove All Night.webm,640,480,vp9,15.17
Rammstein - Links 2 3 4.webm,1920,1080,vp9,48.25
Megadeth - Public Enemy No. 1.webm,1920,1080,vp9,73.07
Transvision Vamp - Baby I Don't Care.webm,1280,720,vp9,33.43
Marmozets - Why Do You Hate Me.webm,1920,1080,vp9,57.47
Blink-182 - What's My Age Again.webm,1920,1080,vp9,37.87
Steel Panther - Party Like Tomorrow Is The End Of The World.webm,1920,1080,vp9,82.09
Pulp - Do You Remember The First Time.webm,854,480,vp9,19.48
Metallica - The Memory Remains.webm,640,480,vp9,20.85
Nirvana - About A Girl.webm,640,480,vp9,19.46
New Years Day - Hurts Like Hell.webm,1920,816,vp9,39.69
Iron Maiden - The Evil That Men Do.webm,1280,720,vp9,49.4
Type O Negative - Cinnamon Girl.webm,640,480,vp9,17.18
Mötley Crüe - Girls Girls Girls.webm,640,480,vp9,20.44
Bob Dylan - Subterranean Homesick Blues.webm,1380,1080,vp9,28.83
The Killers - All These Things That I've Done.webm,1920,1080,vp9,79.81
U2 - Where The Streets Have No Name.webm,3840,2160,vp9,768.93
Motörhead – Bomber.webm,640,480,vp9,11.74
Slipknot - Dead Memories.mp4,640,360,h264,15.63
Arch Enemy - Revolution Begins.mp4,568,272,h264,23.47
Pearl Jam - Why Go.webm,1920,1080,vp9,64.87
Number One Cup - Divebomb.webm,488,360,vp9,5.17
Nine Inch Nails - The Perfect Drug.webm,640,480,vp9,12.15
New Radicals - You Get What You Give.webm,1920,1080,vp9,85.29
Metallica - Lux Æterna.webm,1920,1080,vp9,49.8
Kid Rock - American Bad Ass.webm,640,480,vp9,22.1
Sumo Cyco - No Surrender.webm,3840,2160,vp9,317.51
The Rolling Stones - It's Only Rock 'N' Roll (But I Like It).webm,1440,1080,vp9,62.51
Ash - Angel Interceptor.webm,1920,1080,vp9,70.52
The Ting Tings - That's Not My Name.webm,854,480,vp9,20.34
Rammstein - Mutter.webm,1920,1080,vp9,17.27
Nine Inch Nails - The Hand That Feeds.webm,640,480,vp9,13.57
WWE - Mick Foley Entrance.webm,1280,720,vp9,18.49
AC⧸DC - Thunderstruck.webm,2880,2160,vp9,467.2
WWE - Shawn Michaels Entrance.webm,1280,720,vp9,17.28
Stabbing Westward - Save Yourself.webm,640,480,vp9,14.86
Hoobastank - The Reason.webm,1920,1080,vp9,37.69
Blur - Song 2.webm,3840,2160,vp9,255.27
Kansas - Carry on Wayward Son.webm,640,480,vp9,22.05
The Rolling Stones - Start Me Up.webm,1920,1080,vp9,56.76
WWE - AJ Lee Entrance.webm,1280,720,vp9,21.02
Levellers - What A Beautiful Day.webm,1280,720,vp9,39.76
Foo Fighters - Learn To Fly.webm,640,480,vp9,20.22
The Libertines - Don't Look Back Into The Sun.webm,640,480,vp9,14.38
Måneskin - Zitti E Buoni (Eurovision).webm,1920,1080,vp9,62.48
Måneskin - I Wanna Be Your Slave.webm,2366,1440,vp9,143.39
Ghost - Dance Macabre.webm,3840,2160,vp9,561.72
Oasis - Supersonic.webm,1920,1080,vp9,47.69
Ghost - Square Hammer.webm,1920,1080,vp9,70.38
Bon Jovi - You Give Love A Bad Name.webm,1920,1080,vp9,52.22
Van Halen - You Really Got Me.webm,1280,720,vp9,29.29
Judas Priest - Breaking The Law.webm,1416,1080,vp9,41.4
Monster Magnet - Space Lord.webm,640,480,vp9,19.58
The Wildhearts - Just In Lust.webm,1920,1080,vp9,49.61
Megadeth - A Tout Le Monde.webm,1920,1080,vp9,67.96
Lacuna Coil - I Forgive (But I Won't Forget Your Name).webm,1920,1080,vp9,55.51
Sepultura - Roots Bloody Roots.webm,640,480,vp9,17.74
Suede - Animal Nitrate.webm,640,480,vp9,14.1
The Libertines - What Became Of The Likely Lads.webm,640,480,vp9,15.91
WWE - Sheamus Entrance 1.webm,1280,720,vp9,17.97
Bruce Springsteen - Born in the U.S.A..webm,640,480,vp9,20.18
Lush - 500 (Shake Baby Shake).webm,1920,1080,vp9,57.91
Marilyn Manson - Cry Little Sister.webm,1920,1080,vp9,44.23
Lindsay Buckingham - Holiday Road.webm,1280,720,vp9,37.41
Adam Ant - Goody Two Shoes.webm,640,480,vp9,14.62
Nightwish - The Carpenter.webm,1280,720,vp9,29.0
Nine Inch Nails - Head Like A Hole.webm,640,480,vp9,21.13
The Enemy - We'll Live And Die In These Towns.webm,640,480,vp9,11.28
Lacuna Coil - End Of Time.webm,1280,720,vp9,10.57
Dire Straits - Walk Of Life.webm,1920,1080,vp9,55.46
Bush - Glycerine.webm,640,480,vp9,13.61
Def Leppard - Lets Get Rocked.webm,648,480,vp9,28.96
Grand Theft Audio - We Luv U.webm,640,480,vp9,11.27
Alice Cooper - Feed My Frankenstein.webm,640,480,vp9,20.58
The Undertones - My Perfect Cousin.webm,320,240,vp9,5.23
(DE)TOUR - It's a Long Way to the Top (If You Wanna Rock 'n' Roll).webm,1920,1080,vp9,88.33
Steppenwolf - Born To Be Wild.webm,1280,720,vp9,27.56
Bowling For Soup - Almost.webm,640,480,vp9,15.04
DevilDriver - Nest of Vipers.webm,1920,1080,vp9,43.76
The White Stripes - Seven Nation Army.webm,1920,1080,vp9,52.18
Halestorm - Do Not Disturb.webm,1920,1080,vp9,45.74
Manic Street Preachers - The Masses Against The Classes.webm,854,480,vp9,18.44
Skid Row - 18 And Life.webm,1920,1080,vp9,62.51
Spin Doctors - Little Miss Can't Be Wrong.webm,640,480,vp9,19.06
Fountains of Wayne - Stacy's Mom.webm,1920,1080,vp9,55.34
Ray Parker Jr - Ghostbusters.webm,3320,1384,vp9,273.68
The Verve - Bitter Sweet Symphony.webm,3840,2160,vp9,585.44
Ram Jam - Black Betty.webm,640,480,vp9,12.13
Rancid - Time Bomb.webm,2618,1920,vp9,189.12
Weezer - Go Away.webm,1920,1080,vp9,50.05
The Automatic - Monster Official Video.webm,640,480,vp9,16.06
Duran Duran - Save A Prayer.webm,640,480,vp9,21.03
The Cardigans - My Favourite Game (Walkaway Version).webm,640,480,vp9,19.29
The White Stripes - My Doorbell.webm,1920,1080,vp9,79.93
Rachel Stamp - Monsters of the New Wave.webm,1280,720,vp9,30.17
Band Aid 1984 - Do they Know it's Christmas.webm,640,480,vp9,12.39
The Offspring - Why Don't You Get A Job.webm,1920,1080,vp9,56.84
Elton John - I'm Still Standing.webm,3840,2160,vp9,381.75
Iron Maiden - 2 Minutes To Midnight.webm,1280,720,vp9,32.56
System Of A Down - Hypnotize.webm,1792,1080,vp9,52.62
Faith No More - Evidence.webm,1280,720,vp9,13.26
Kings Of Leon - Molly's Chambers.webm,854,480,vp9,12.63
Fine Young Cannibals - She Drives Me Crazy.webm,854,480,vp9,12.05
Metallica - King Nothing.webm,640,480,vp9,19.69
Kula Shaker - Tattva.webm,852,480,vp9,24.6
Weezer - Island In The Sun.webm,1920,1080,vp9,60.25
The Killers - The Man.webm,1920,1080,vp9,44.51
Pulp - Something Changed.webm,640,480,vp9,10.3
Black Rebel Motorcycle Club - Spread Your Love.webm,854,480,vp9,18.04
Green Day - Kill The DJ.webm,1920,1080,vp9,70.19
Stereophonics - The Bartender And The Thief.webm,640,360,vp9,13.0
Black Grape - In The Name Of The Father.webm,640,480,vp9,22.02
Weezer - Africa (starring Weird Al Yankovic).webm,1920,1080,vp9,54.63
Feeder - Buck Rogers.webm,1920,1080,vp9,54.25
Beck - Loser.webm,1920,1080,vp9,59.09
Yeah Yeah Yeahs - Date With The Night.webm,1920,1080,vp9,44.79
Epica - Edge Of The Blade.webm,1920,1080,vp9,75.58
Michael Jackson - Black Or White.webm,640,480,vp9,27.65
Weezer - Keep Fishin'.webm,1920,1080,vp9,77.23
The Pretty Reckless - Fucked Up World (Director's Cut).webm,1920,1080,vp9,78.31
Lacuna Coil - Our Truth.webm,640,480,vp9,17.69
Chesney Hawkes - The One and Only.webm,640,480,vp9,14.0
Aerosmith - I Don't Want to Miss a Thing.webm,1920,916,vp9,44.53
Alestorm - Drink.webm,1920,1080,vp9,50.72
Tears For Fears - Mad World.webm,1920,1080,vp9,25.7
Ash - Burn Baby Burn.webm,1920,1080,vp9,62.58
The Verve - Lucky Man.webm,588,360,vp9,17.41
The Eighties Matchbox B-Line Disaster - Psychosis Safari.webm,610,360,vp9,10.31
The White Stripes - We're Going To Be Friends.webm,1920,1080,vp9,20.92
Stereophonics - A Thousand Trees.webm,480,360,vp9,7.84
The Vines - Get Free.webm,640,480,vp9,8.91
Megadeth - No More Mr Nice Guy.webm,1920,1080,vp9,52.34
DevilDriver - Nothing's Wrong.webm,640,480,vp9,12.44
Lacuna Coil - Spellbound.webm,1280,720,vp9,32.19
The Pogues -  Fairytale Of New York.webm,1920,1080,vp9,45.87
Manic Street Preachers - Australia.webm,854,480,vp9,13.54
Metallica - Sad But True.webm,640,480,vp9,22.81
Birdbrain - Youth of America.webm,536,360,vp9,9.0
David Bowie - Heroes.webm,640,480,vp9,8.51
Iron Maiden - The Angel And The Gambler.webm,640,480,vp9,19.36
Steel Panther - Gloryhole.webm,1920,1080,vp9,76.19
Halestorm - Wicked Ways.webm,1920,1080,vp9,46.68
Steel Panther - Just Like Tiger Woods (Live at Download Festival 2012).webm,640,360,vp9,21.15
Blur - End Of A Century.webm,534,360,vp9,8.26
Good Charlotte - Girls & Boys.webm,640,480,vp9,15.17
Avril Lavigne - Bite Me.webm,1920,1080,vp9,53.78
Noel Gallagher's High Flying Birds - AKA... What A Life!.webm,600,480,vp9,6.75
Megadeth - Symphony of Destruction Live.webm,1280,720,vp9,35.98
Nita Strauss ft. Alissa White-Gluz - The Wolf You Feed.webm,1920,1080,vp9,65.21
The Boo Radleys - Wake Up Boo!.webm,854,480,vp9,18.04
Butcher Babies - I Smell a Massacre.webm,1920,1080,vp9,70.57
Rob Zombie - Dragula.webm,1920,1080,vp9,66.92
Soundgarden - Jesus Christ Pose.webm,1920,1080,vp9,103.52
VAST - Touched.mp4,252,166,h264,10.04
Metallica - No Leaf Clover.webm,640,480,vp9,25.23
The Divine Comedy - Something For The Weekend.webm,1280,720,vp9,35.93
Moist - Freaky Be Beautiful.webm,640,480,vp9,17.88
Metallica - The Day That Never Comes.webm,640,480,vp9,27.76
Ozzy Osbourne - Bark at the Moon.webm,1920,1080,vp9,58.24
Survivor - Burning Heart.webm,640,480,vp9,16.79
Ocean Colour Scene - The Riverboat Song.webm,640,480,vp9,17.95
Airbourne - Too Much Too Young Too Fast.webm,1920,1080,vp9,64.67
Stone Sour - Say You'll Haunt Me.webm,1920,1080,vp9,60.91
Evanescence - Going Under.webm,640,480,vp9,17.25
Goo Goo Dolls - Iris.webm,640,480,vp9,19.89
Killswitch Engage - The End Of Heartache.webm,640,480,vp9,18.21
Longpigs - She Said.webm,1920,1080,vp9,56.19
White Zombie - Electric Head Part 2 (The Ecstasy).webm,1920,1080,vp9,69.46
Korn - Here to Stay.webm,1440,1080,vp9,91.71
The Pretty Reckless - Heaven Knows.webm,1920,1080,vp9,24.16
Dio - Rainbow In The Dark.webm,1920,1080,vp9,62.74
My Ruin - Terror.mp4,338,282,h264,25.41
Green Day - Holiday.webm,640,480,vp9,21.42
Everlast - Black Jesus.webm,1280,720,vp9,44.57
Sumo Cyco - Cyclone.webm,1920,1080,vp9,60.17
WWE - New Age Outlaws Entrance.webm,1280,720,vp9,16.21
Whitesnake - Still of the Night.webm,640,480,vp9,19.63
The Raconteurs – Steady As She Goes (Malloy).webm,1920,1080,vp9,73.74
Iron Maiden - The Wicker Man.webm,1280,720,vp9,47.82
HIM - Right Here In My Arms.webm,854,480,vp9,19.76
Paula Abdul - Opposites Attract.webm,1920,1080,vp9,39.66
Lenny Kravitz - Are You Gonna Go My Way.webm,1920,1080,vp9,61.7
Christina Aguilera - Dirrty.webm,1440,1080,vp9,87.71
The Distillers - The Young Crazed Peeling.mp4,400,300,h264,14.06
Jet - Cold Hard Bitch.mp4,400,300,h264,12.94
Sumo Cyco - Sun Eater.webm,1920,1080,vp9,84.93
Alice In Chains - Would.webm,1824,1080,vp9,43.56
Battle Beast - King For A Day.webm,1920,1080,vp9,60.95
Halestorm - Back From The Dead.webm,2560,1440,vp9,108.54
Nine Inch Nails - We're In This Together.webm,640,480,vp9,21.94
Foreigner - Cold As Ice.webm,640,480,vp9,14.25
Levellers - One Way.webm,1280,720,vp9,40.8
Sophie Ellis-Bextor - Murder On The Dancefloor.webm,640,480,vp9,18.26
Hozier - Take Me To Church.webm,1920,1080,vp9,47.04
Foo Fighters - The Pretender.webm,1920,776,vp9,47.75
Republica - Ready to Go.webm,854,480,vp9,21.15
The Wildhearts - If Life Is Like A Lovebank I Want An Overdraft (Children's Version).webm,1920,1080,vp9,50.81
Sum 41 - In Too Deep.webm,1920,1080,vp9,66.98
The Killers - When You Were Young.webm,1920,1080,vp9,34.06
Bon Jovi - Keep The Faith.webm,1920,1080,vp9,80.92
Michael Jackson - Bad.webm,640,480,vp9,20.49
Cast - Fine Time.webm,1920,1080,vp9,60.7
Avenged Sevenfold - Bat Country.webm,640,480,vp9,20.07
Coal Chamber - Loco.webm,640,480,vp9,13.85
Cradle Of Filth - Her Ghost In The Fog.webm,320,240,vp9,6.83
The Proclaimers - I'm Gonna Be (500 Miles).webm,640,480,vp9,14.24
Crazy Town - Butterfly.webm,854,480,vp9,18.03
WWE - The Miz Entrance.webm,1280,720,vp9,19.95
Lemonheads - Mrs Robinson.webm,320,240,vp9,6.74
Nightwish - Ad Astra.webm,1920,1080,vp9,58.81
Avenged Sevenfold - Beast And The Harlot.webm,640,480,vp9,19.59
The Wildhearts - Caffeine Bomb.webm,1920,1080,vp9,57.49
Menswear - Sleeping In.webm,640,480,vp9,18.81
Andrew W.K. - She is Beautiful.webm,320,240,vp9,6.37
Halestorm - It's Not You.webm,640,480,vp9,12.92
Iron Maiden - The Trooper.webm,1280,720,vp9,47.99
The Zutons - You Will You Won't.webm,636,480,vp9,13.7
Megadeth - Train of Consequences.webm,1920,1080,vp9,45.39
The Clash - London Calling.webm,1458,1080,vp9,49.45
KISS - Crazy Crazy Nights Music Video.webm,640,480,vp9,18.55
Slipknot - The Devil In I.webm,1920,1080,vp9,66.48
Joan Jett & The Blackhearts - Bad Reputation.webm,632,480,vp9,8.96
Lacuna Coil - Closer.webm,320,240,vp9,5.13
Anthrax - Antisocial.webm,960,720,vp9,33.47
Satyricon - King.webm,320,240,vp9,7.04
Arch Enemy - No More Regrets.webm,1920,1080,vp9,67.21
Bonnie Tyler - Total Eclipse of the Heart (Literal Video).webm,322,240,vp9,10.48
WWE - Hulk Hogan Entrance.webm,1280,720,vp9,17.33
Papa Roach - She Loves Me Not.webm,854,480,vp9,20.75
P!NK - Don't Let Me Get Me.webm,640,480,vp9,17.25
Nine Inch Nails - Wish.webm,640,480,vp9,16.16
The Undertones - Teenage Kicks.webm,640,480,vp9,11.94
Halestorm - I Miss The Misery.webm,1920,1080,vp9,57.54
WWE - Natalya Entrance.webm,640,360,vp9,12.94
Iron Maiden - Holy Smoke.webm,1280,720,vp9,43.66
Beastie Boys - No Sleep Till Brooklyn.webm,1920,1080,vp9,80.06
The Raconteurs – Steady As She Goes (Jim Jarmusch).webm,640,480,vp9,15.84
